ID,NAME,SEX,PHONE,ADDRESS,STARTED_DATE,ID_MEDIA,STATUS
1,Belita Fasse,Polygender,433-313-3709,2 Corry Park,2020-09-22 01:34:42,1828,RESIGNING
2,Meris Belson,Agender,808-582-2021,91393 Cottonwood Alley,2021-05-30 02:13:38,1447,RESIGNING
3,Catherina Bon,Polygender,932-424-6929,75 Sunfield Crossing,2021-03-07 00:17:45,1494,WORKING
4,Edithe McCann,Agender,453-249-3279,06 Westridge Lane,2020-10-23 19:56:19,1609,WORKING
5,Elianore Jiruch,Bigender,375-420-4375,4917 Lukken Place,2021-06-01 03:33:57,1497,RESIGNING
6,Melodee Aulton,Genderqueer,419-631-3033,507 Bellgrove Parkway,2021-01-22 10:32:03,1942,WORKING
7,Sarina Mabey,Genderfluid,962-520-0285,30226 Evergreen Court,2020-12-03 22:11:29,1303,RESIGNING
8,Diahann Beedom,Bigender,684-152-4735,495 Service Way,2020-12-05 16:08:21,1812,BLACKLIST
9,Donella Lorenzo,Bigender,954-955-2026,2 Meadow Ridge Drive,2021-04-25 02:09:52,1047,RESIGNING
10,Caitrin Jambrozek,Genderqueer,996-304-8964,2 North Way,2021-06-22 02:59:49,1700,WORKING
11,Ichabod Coulthard,Non-binary,846-543-1018,790 West Place,2021-05-23 10:36:47,1600,BLACKLIST
12,Archibald Leiden,Agender,657-245-9941,60181 Johnson Pass,2021-08-17 21:12:14,1434,RESIGNING
13,Zackariah Munt,Polygender,223-213-3839,0999 Elmside Way,2021-02-10 01:14:29,1160,WORKING
14,Ilise Baroche,Male,259-174-5866,72 Hayes Circle,2021-04-30 18:34:08,1278,BLACKLIST
15,Mathilde Dyster,Genderfluid,996-969-4237,5 Crest Line Place,2021-02-13 11:02:26,1515,RESIGNING
16,Timmy Ahmad,Non-binary,229-219-9037,4 Ridgeway Point,2021-06-25 05:37:36,1761,RESIGNING
17,Susanna Ziemecki,Genderqueer,781-502-4652,666 Harbort Alley,2021-07-04 19:21:22,1108,WORKING
18,Harwell Walcher,Male,787-827-7925,8786 Barnett Junction,2021-03-06 15:19:55,1713,RESIGNING
19,Catrina Gooday,Male,550-379-3333,151 Dapin Pass,2021-05-28 01:28:30,1074,RESIGNING
20,Hakeem McGettigan,Genderqueer,312-689-6260,910 Lerdahl Alley,2021-04-17 20:45:42,1358,BLACKLIST
21,Daffi Geerdts,Female,323-514-2682,92867 Amoth Plaza,2021-06-14 16:37:33,1145,BLACKLIST
22,Berky Marchetti,Non-binary,594-115-5742,41 Golf Course Circle,2021-07-07 12:23:57,1213,WORKING
23,Moselle MacAndie,Genderqueer,837-751-6239,70996 Sauthoff Plaza,2021-06-04 22:09:23,1702,RESIGNING
24,Vi Weir,Male,671-150-7492,733 Loomis Circle,2020-11-14 05:27:21,1529,RESIGNING
25,Bryn Steanson,Non-binary,919-160-0961,28910 Granby Street,2020-11-18 18:52:26,1619,RESIGNING
26,Christen Barens,Genderfluid,971-146-5118,60799 Briar Crest Way,2020-11-12 06:16:55,1434,WORKING
27,Casey Krol,Genderqueer,742-849-7491,93 Comanche Park,2021-06-26 19:48:31,1434,WORKING
28,Kissee Stevani,Polygender,259-631-6295,1 Anhalt Alley,2021-06-15 02:22:30,1664,BLACKLIST
29,Merci Vost,Male,292-675-3404,076 Division Junction,2021-03-03 02:30:28,1994,WORKING
30,Maegan Reinbeck,Genderqueer,126-995-1767,728 Paget Drive,2021-01-24 04:22:02,1255,WORKING
31,Stacey Clubley,Polygender,453-248-3281,0 Loeprich Place,2021-05-30 11:08:05,1237,RESIGNING
32,Bay Ingerfield,Genderfluid,153-864-5674,3 Darwin Avenue,2021-07-25 14:59:04,1811,RESIGNING
33,Rici Dederick,Female,692-586-0820,449 Cody Avenue,2020-12-14 10:10:25,1610,BLACKLIST
34,Benetta Gommey,Genderqueer,208-376-9744,99 Thompson Terrace,2020-12-21 06:17:03,1554,WORKING
35,Ashlee Coard,Polygender,768-560-1277,38770 Warbler Road,2021-05-24 09:21:32,1629,BLACKLIST
36,Gino Trumble,Agender,481-968-7918,74 Dakota Avenue,2020-11-05 01:37:18,1648,BLACKLIST
37,Welsh Treadgall,Bigender,309-141-2767,509 Banding Trail,2021-01-17 02:22:48,1620,WORKING
38,Giacobo Dancy,Non-binary,209-526-7609,0 Wayridge Drive,2021-03-15 22:18:01,1770,BLACKLIST
39,Devondra Chavrin,Female,303-663-8904,8 Moland Plaza,2021-06-11 23:19:48,1378,WORKING
40,Wadsworth Meth,Male,876-642-4744,52847 Surrey Pass,2021-01-11 12:52:22,1110,WORKING
41,Diahann Spoor,Genderfluid,354-452-9762,327 Colorado Avenue,2020-10-21 06:47:24,1260,RESIGNING
42,Schuyler Mingay,Genderqueer,790-265-7379,7760 Marcy Place,2021-06-21 14:32:52,1638,WORKING
43,Liliane Langan,Bigender,895-800-0386,160 Lunder Parkway,2021-02-13 04:45:05,1829,WORKING
44,Jasmina Cramb,Genderqueer,738-778-5192,2417 Swallow Terrace,2020-10-05 03:22:54,1856,RESIGNING
45,Nigel Ewbanke,Non-binary,397-312-9040,9 Jay Parkway,2021-04-18 09:27:48,1170,RESIGNING
46,Bertrando Daftor,Female,973-396-5147,312 South Pass,2021-09-02 10:27:04,1271,RESIGNING
47,Mateo Whyman,Genderfluid,209-543-5666,80988 Cordelia Road,2021-08-30 15:55:37,1265,WORKING
48,Jon Braidley,Non-binary,718-474-6220,547 Luster Crossing,2021-02-23 00:57:05,1769,RESIGNING
49,Niels Domleo,Male,345-235-4496,6 Waywood Parkway,2021-05-12 17:09:57,1073,RESIGNING
50,Giacinta Siddall,Genderfluid,369-174-3618,99 Comanche Place,2021-02-10 15:43:07,1731,BLACKLIST
51,Erhard Baroch,Genderfluid,214-160-7049,57574 Autumn Leaf Road,2021-08-12 10:49:12,1214,WORKING
52,Stepha Ashbee,Bigender,169-626-5302,18927 8th Plaza,2021-02-28 08:18:06,1193,BLACKLIST
53,Jodee Grewes,Female,904-995-3175,39152 Montana Road,2021-07-06 08:02:03,1597,WORKING
54,Marty Laver,Agender,196-956-2261,0927 Goodland Drive,2020-11-28 04:26:44,1873,RESIGNING
55,Slade MacGebenay,Polygender,772-805-0558,20 Fairview Circle,2020-12-09 18:29:50,1107,RESIGNING
56,Kissee Knightsbridge,Bigender,759-266-7118,3016 Debs Crossing,2021-08-06 19:44:38,1888,BLACKLIST
57,Daile Curton,Male,735-302-3129,5 Oak Pass,2021-05-19 02:21:59,1645,BLACKLIST
58,Flemming Dobrovolski,Bigender,478-116-7602,08839 Barby Place,2021-05-20 13:36:22,1024,RESIGNING
59,Ninnetta Henrie,Female,543-635-6880,79306 Grayhawk Road,2021-07-17 02:33:23,1955,WORKING
60,Court Hains,Female,468-529-8327,29 Jay Crossing,2021-05-03 15:43:29,1724,WORKING
61,Johnnie Vale,Polygender,821-259-2033,9 Pennsylvania Road,2021-08-20 18:12:18,1010,RESIGNING
62,Theodosia Renton,Agender,958-844-1194,52873 Rowland Alley,2021-01-04 13:11:51,1536,BLACKLIST
63,Claudian Kenforth,Female,156-690-8530,3 Sunnyside Place,2021-06-14 05:38:06,1898,BLACKLIST
64,Dennis Bolt,Bigender,736-776-4115,182 Maple Drive,2020-11-11 20:18:25,1619,BLACKLIST
65,Maddie Samett,Non-binary,109-249-2451,77156 Corben Lane,2021-06-06 17:13:21,1416,RESIGNING
66,Carlee Rakes,Genderqueer,747-384-6476,27 Pepper Wood Way,2020-12-07 23:29:49,1564,WORKING
67,Helen-elizabeth Eldin,Male,772-106-8575,112 Blaine Trail,2021-07-23 11:37:02,1808,WORKING
68,Leighton Matonin,Agender,950-233-0497,1 Kings Parkway,2021-02-27 09:40:10,1763,RESIGNING
69,Georgi Clee,Female,793-640-7330,8 Kenwood Park,2021-09-03 09:41:11,1258,BLACKLIST
70,Eimile Huckleby,Genderqueer,770-466-4027,61 Morning Alley,2021-04-03 18:51:57,1927,WORKING
71,Ingelbert Casassa,Bigender,384-534-6360,19 Nancy Plaza,2020-09-13 06:36:38,1595,WORKING
72,Joellyn Extal,Male,571-758-8321,0 Roxbury Plaza,2020-12-16 12:51:07,1627,RESIGNING
73,Osmund Desmond,Genderqueer,804-885-4495,1 Grayhawk Alley,2021-05-23 14:01:14,1828,WORKING
74,Philbert Morfield,Bigender,863-636-1084,29433 Artisan Park,2021-07-29 06:05:20,1936,WORKING
75,Omar Castelletti,Bigender,636-396-5678,3838 Saint Paul Lane,2020-09-18 13:01:21,1797,RESIGNING
76,Holden Claypoole,Bigender,168-700-8174,4012 Scofield Hill,2021-04-22 01:15:13,1617,BLACKLIST
77,Burty Osbiston,Male,511-952-1784,089 Ridgeview Junction,2020-11-28 22:28:46,1791,BLACKLIST
78,Itch McGavin,Bigender,383-804-2382,86560 Mallory Pass,2021-02-19 09:38:49,1588,WORKING
79,Oswell Dripps,Polygender,362-893-6424,5 Cascade Parkway,2021-08-07 01:53:33,1533,WORKING
80,Malvina Nafzger,Genderqueer,481-196-4826,13 Goodland Point,2021-07-21 01:40:48,1057,RESIGNING
81,Lara Giraldo,Male,778-365-7727,1800 Warrior Alley,2020-12-08 03:14:53,1073,WORKING
82,Pru Manders,Female,951-541-3369,19781 Hauk Circle,2020-12-02 00:52:44,1682,RESIGNING
83,Karlene Kerner,Polygender,541-571-6536,9 Bultman Junction,2020-11-18 21:22:48,1444,WORKING
84,Ceciley Le Brun,Genderfluid,226-569-1135,09 Pierstorff Terrace,2021-02-15 21:00:08,1085,WORKING
85,Hunfredo Jeaffreson,Bigender,260-310-3564,930 Vahlen Lane,2020-11-18 04:41:05,1558,WORKING
86,Aurea Prover,Polygender,303-595-0217,935 Granby Park,2021-06-27 17:21:17,1795,RESIGNING
87,Maxi Vany,Non-binary,530-937-9098,7205 Golf Course Center,2021-07-18 14:01:47,1585,BLACKLIST
88,Frederik Coverly,Non-binary,850-698-8867,64 Doe Crossing Street,2020-09-06 04:15:35,1140,RESIGNING
89,Kym Battrum,Polygender,153-793-8713,659 Donald Drive,2021-01-23 03:58:45,1008,WORKING
90,Walker Cady,Non-binary,656-832-3145,912 Browning Point,2021-05-08 08:09:08,1235,RESIGNING
91,Arthur Lanchester,Female,819-347-0615,0799 Saint Paul Place,2021-03-10 16:40:42,1429,WORKING
92,Riannon Baskeyfied,Genderfluid,587-864-0352,7 Rusk Way,2020-09-15 05:36:24,1748,BLACKLIST
93,Bayard Lente,Female,335-814-9935,4041 Victoria Crossing,2021-08-02 04:07:22,1466,BLACKLIST
94,Wadsworth Lindblom,Female,505-338-2809,6165 Shasta Plaza,2020-11-29 04:01:30,1331,BLACKLIST
95,Fonsie Seeney,Agender,870-147-7106,334 Toban Street,2021-08-11 08:15:08,1610,RESIGNING
96,Andree Blain,Non-binary,532-983-7992,38099 Mockingbird Circle,2020-09-24 00:44:47,1271,WORKING
97,Violet Brittoner,Polygender,987-219-0577,95 Lillian Center,2021-03-13 21:34:29,1702,WORKING
98,Alexandros Leverage,Non-binary,515-315-2190,4777 Holy Cross Court,2021-01-25 20:37:56,1643,BLACKLIST
99,Goraud Mulvenna,Polygender,958-288-3035,5616 Johnson Drive,2021-07-30 11:09:36,1606,BLACKLIST
100,Sig Guarnier,Genderqueer,253-601-1902,234 Sutherland Trail,2021-08-04 02:21:30,1559,RESIGNING
101,Patsy Casford,Agender,921-602-6437,24273 Crest Line Center,2021-03-14 14:32:11,1051,BLACKLIST
102,Brunhilda Comber,Female,925-172-4085,58986 Ronald Regan Drive,2021-01-26 19:20:42,1322,BLACKLIST
103,Lizette Jeannard,Genderqueer,936-738-4673,98 East Junction,2021-02-07 18:38:54,1973,RESIGNING
104,Janelle Penhallurick,Agender,200-380-3964,56532 Crowley Court,2021-05-27 10:51:06,1899,BLACKLIST
105,Cally Cromblehome,Non-binary,408-664-6798,568 Kim Street,2021-02-10 06:29:57,1246,RESIGNING
106,Conny Sage,Genderqueer,295-905-5646,24037 Spaight Parkway,2020-12-16 02:33:04,1504,RESIGNING
107,Aurora Rosettini,Polygender,758-169-1707,59271 Bartillon Court,2020-10-14 22:52:26,1877,BLACKLIST
108,Wenda Marcombe,Female,321-130-8334,1 Dawn Crossing,2020-10-20 13:57:54,1288,WORKING
109,Israel De Hoogh,Agender,897-399-3473,306 Carey Point,2021-06-11 21:52:22,1395,WORKING
110,Ofella Antrum,Female,672-203-2550,4 Wayridge Point,2021-03-20 23:33:55,1775,BLACKLIST
111,Nissa Marginson,Bigender,596-217-8721,4 Westerfield Street,2021-01-20 20:13:07,1738,WORKING
112,Corri Boorman,Genderfluid,825-727-6698,3 Hermina Pass,2020-12-08 19:57:10,1895,RESIGNING
113,Gena Spellsworth,Female,723-638-5645,30507 Pearson Point,2020-11-25 04:23:52,1749,RESIGNING
114,Carry Berr,Agender,997-431-5481,04259 Heffernan Street,2020-09-06 20:38:05,1899,BLACKLIST
115,Chicky Giffkins,Genderqueer,850-432-2548,076 Merry Junction,2021-03-12 16:54:16,1990,BLACKLIST
116,Morgun Sikora,Genderfluid,568-920-2206,34570 Kipling Parkway,2020-12-31 21:59:03,1392,RESIGNING
117,Rozanne Garratt,Male,934-629-5190,5 Iowa Way,2021-04-11 12:31:52,1978,RESIGNING
118,Gordy Gummary,Male,110-125-1648,2 Clyde Gallagher Junction,2021-07-09 05:56:50,1716,BLACKLIST
119,Benton Seer,Non-binary,701-272-3523,1793 Amoth Circle,2021-02-09 00:27:50,1309,RESIGNING
120,Mortimer Slewcock,Polygender,477-351-8643,08 Bartelt Trail,2021-07-21 11:25:59,1965,RESIGNING
121,Marley Cramphorn,Genderqueer,432-931-2112,54 Lien Place,2021-05-16 04:50:44,1695,WORKING
122,Jake Stockton,Genderfluid,850-642-4834,65 Arapahoe Court,2021-07-11 01:15:26,1879,BLACKLIST
123,Feodora Minet,Polygender,293-186-6454,5247 Oneill Alley,2021-01-05 05:43:24,1577,BLACKLIST
124,Glennis Kelway,Agender,996-813-0209,328 Oneill Place,2021-02-27 07:58:28,1900,BLACKLIST
125,Bryna Harner,Bigender,763-375-1656,6 Starling Road,2021-08-14 15:54:11,1193,RESIGNING
126,Joelynn Pontin,Genderqueer,701-439-6913,4133 Dennis Plaza,2021-06-01 20:00:31,1367,BLACKLIST
127,Abbie Hammor,Agender,404-220-8443,72 Park Meadow Road,2021-03-31 09:31:02,1146,BLACKLIST
128,Carolan Jopson,Bigender,567-913-8671,0 Toban Point,2021-07-25 21:18:10,1629,BLACKLIST
129,Clement Duval,Genderqueer,446-734-8884,0 Prentice Way,2021-04-06 15:25:10,1101,WORKING
130,Cristobal Pordal,Genderqueer,396-606-3406,49 Haas Drive,2020-12-05 05:46:04,1492,RESIGNING
131,Maribel Skacel,Non-binary,105-547-2066,2 Kedzie Plaza,2020-09-07 10:32:29,1239,RESIGNING
132,Dania Guiden,Genderfluid,891-875-2762,70 Monterey Crossing,2020-10-22 04:16:21,1986,RESIGNING
133,Gill Cassells,Polygender,572-490-4911,55937 Crownhardt Parkway,2021-01-18 11:57:25,1442,RESIGNING
134,Candy Ledwidge,Polygender,152-225-4216,5 Havey Parkway,2021-01-16 12:41:52,1114,WORKING
135,Zorana Forrest,Genderfluid,177-740-8502,176 West Park,2021-06-28 08:42:59,1798,RESIGNING
136,Emera Fairley,Genderfluid,285-744-8707,905 Ilene Way,2020-11-17 00:14:07,1488,BLACKLIST
137,Kellina Durram,Non-binary,575-121-1863,584 2nd Plaza,2020-10-10 15:11:11,1419,WORKING
138,Wilton Elletson,Non-binary,236-198-0270,77 Boyd Pass,2021-03-13 09:41:43,1477,BLACKLIST
139,Bonnie Jeroch,Agender,636-488-7272,924 Monterey Drive,2021-03-06 19:03:07,1350,RESIGNING
140,Emilio Whitworth,Bigender,140-961-3849,00 Duke Point,2021-01-24 20:03:08,1972,RESIGNING
141,Iggy Fissenden,Female,552-714-0075,74 Tomscot Alley,2021-08-30 11:52:41,1548,WORKING
142,Boycey Wortman,Non-binary,150-753-9958,5 Troy Road,2020-10-09 16:45:58,1233,RESIGNING
143,Emlen Aucourte,Male,415-962-8716,297 Ridgeway Crossing,2021-07-28 13:08:03,1804,WORKING
144,Bonni Swindlehurst,Genderfluid,453-735-7597,78331 Melody Avenue,2021-01-23 01:02:18,1814,RESIGNING
145,Noam Wheildon,Genderqueer,926-583-5448,1 Nova Point,2021-01-22 22:14:07,1775,WORKING
146,Fredericka Brokenshaw,Non-binary,840-755-2576,74670 Carberry Parkway,2021-08-02 13:06:27,1751,WORKING
147,Norris Whotton,Male,400-522-6406,85 Spenser Alley,2021-05-03 16:10:37,1702,BLACKLIST
148,Georgetta Gouldbourn,Bigender,727-879-4027,45 Schlimgen Park,2021-03-28 01:20:40,1569,RESIGNING
149,Lynett Durham,Bigender,274-320-1528,9907 Kings Avenue,2020-10-23 02:33:45,1981,BLACKLIST
150,Christian Spearman,Agender,962-678-1009,405 Tony Crossing,2021-01-08 07:43:22,1678,WORKING
151,Jeramie Cudbird,Polygender,341-133-1494,12 Pawling Trail,2021-05-17 10:11:17,1362,BLACKLIST
152,Lauri Fennessy,Genderfluid,370-712-3637,80037 Buhler Way,2021-05-02 18:16:57,1801,WORKING
153,Guinevere Duchenne,Polygender,342-349-2214,5 Towne Terrace,2021-04-16 05:17:03,1651,WORKING
154,Sig Dunlap,Bigender,424-281-4895,3 Fisk Pass,2021-07-20 18:11:06,1045,BLACKLIST
155,Deb Extance,Bigender,865-790-0754,6 Blue Bill Park Lane,2020-11-19 21:05:00,1220,WORKING
156,Valery Lanbertoni,Genderqueer,392-708-4481,23 Thompson Place,2020-12-31 11:27:18,1012,RESIGNING
157,Ramonda McGuggy,Agender,569-280-0072,87 Merrick Terrace,2021-03-20 17:17:15,1624,RESIGNING
158,Corny Doyle,Female,872-956-5549,5163 Thompson Circle,2021-05-27 22:07:10,1175,BLACKLIST
159,Kile Rumsby,Bigender,544-770-4423,10999 Mccormick Way,2020-09-13 22:17:44,1437,BLACKLIST
160,Carlene Boden,Bigender,929-894-8152,19135 Superior Avenue,2021-07-31 18:15:36,1986,RESIGNING
161,Orbadiah Sulland,Female,808-763-3501,1808 Basil Road,2021-06-18 21:01:31,1915,WORKING
162,Sawyer Ginnety,Genderqueer,393-565-4021,88 Jana Junction,2020-12-08 13:27:22,1039,WORKING
163,Cybil Young,Agender,173-912-8455,50 Mifflin Pass,2021-07-17 23:39:56,1072,WORKING
164,Alanson MacMorland,Bigender,352-605-2230,819 Jana Avenue,2021-07-12 20:24:35,1373,BLACKLIST
165,Blisse Whitwham,Genderfluid,176-735-4376,2 Annamark Court,2021-07-16 01:07:10,1637,RESIGNING
166,Willa Krysztofiak,Polygender,871-597-3248,853 Porter Road,2021-01-20 14:29:36,1860,RESIGNING
167,Paloma Muzzall,Agender,805-220-3689,087 Barnett Terrace,2021-02-12 14:07:21,1484,WORKING
168,Kassey Heaysman,Genderqueer,932-392-0241,4400 Bowman Point,2021-01-01 06:48:42,1540,RESIGNING
169,Chery Leatt,Bigender,232-477-3610,065 Manitowish Road,2021-07-24 11:42:05,1913,BLACKLIST
170,Turner Truelove,Genderqueer,877-152-2070,9 Fieldstone Junction,2021-04-28 15:51:23,1845,WORKING
171,Brew Ferretti,Agender,882-162-6658,93594 Fordem Junction,2021-09-01 23:00:05,1519,BLACKLIST
172,Aeriell Bohey,Polygender,181-915-8781,231 Reindahl Terrace,2021-06-04 20:16:46,1285,RESIGNING
173,Joete Littler,Female,334-305-7456,669 Pond Crossing,2021-06-05 01:21:36,1801,BLACKLIST
174,Uriah Ortells,Non-binary,263-701-3580,1315 Northland Trail,2021-06-08 08:24:20,1185,BLACKLIST
175,Alfreda Parbrook,Bigender,519-460-6017,9 Lyons Street,2021-01-24 15:19:42,1658,BLACKLIST
176,Agnesse Munton,Genderfluid,752-137-2543,82 Summer Ridge Circle,2021-02-19 13:25:29,1002,BLACKLIST
177,Albert Vynehall,Agender,687-827-0588,91751 Orin Street,2021-08-11 04:17:29,1750,BLACKLIST
178,Murdock Callington,Polygender,581-913-8953,8 Arizona Alley,2021-05-10 19:18:24,1442,BLACKLIST
179,Sallie Newcomb,Polygender,325-333-4640,22 Onsgard Alley,2021-07-02 01:18:33,1351,WORKING
180,Waite Gaggen,Male,316-101-0032,3 Waxwing Junction,2021-03-25 06:18:02,1559,BLACKLIST
181,Parry Lamzed,Bigender,374-176-8244,53 Sherman Parkway,2020-12-22 11:31:40,1031,BLACKLIST
182,Hattie Pudge,Genderqueer,415-212-5612,91 Green Ridge Parkway,2020-12-12 08:31:51,1499,RESIGNING
183,Letitia Whife,Genderfluid,293-526-7502,0 Prentice Drive,2020-10-01 19:08:23,1292,WORKING
184,Yves Grane,Genderqueer,444-974-7599,360 Cordelia Street,2021-01-14 13:49:52,1646,RESIGNING
185,Edi Roth,Polygender,384-331-2264,5751 Hallows Junction,2021-03-20 19:08:05,1681,WORKING
186,Marwin Jaquiss,Polygender,131-873-1896,34 Vera Center,2021-03-29 08:05:11,1441,BLACKLIST
187,Erminia Sandaver,Female,235-417-2108,42662 Doe Crossing Center,2021-03-13 09:06:37,1438,WORKING
188,Langston Coldtart,Genderqueer,966-896-5455,5 Mosinee Pass,2021-07-18 03:47:04,1093,RESIGNING
189,Brew Grandin,Polygender,209-122-7011,0 Upham Street,2021-02-24 11:52:44,1657,RESIGNING
190,Johna Silby,Non-binary,814-855-2663,8389 Almo Way,2021-07-21 21:26:05,2000,WORKING
191,Mackenzie Scullard,Polygender,258-730-9114,4 Warbler Drive,2021-03-19 00:32:18,1821,BLACKLIST
192,Robinia Canepe,Bigender,989-590-9909,0823 Jackson Trail,2021-02-22 11:41:29,1877,RESIGNING
193,Zea Antoney,Genderfluid,601-986-7861,703 Petterle Trail,2021-09-01 10:47:05,1690,WORKING
194,Maxie Stanlake,Genderqueer,435-224-2100,422 Morrow Parkway,2021-02-01 06:04:11,1735,BLACKLIST
195,Maude Pauling,Genderqueer,415-302-6357,1 Raven Park,2021-03-30 22:36:06,1103,RESIGNING
196,Tabb Lewing,Female,891-580-9380,93636 Hallows Parkway,2021-08-02 10:43:17,1142,BLACKLIST
197,Fancy Fearnehough,Genderfluid,869-645-8210,34 Eagan Circle,2021-03-19 07:37:46,1163,WORKING
198,Ceciley Miettinen,Genderqueer,793-295-3636,039 Stone Corner Crossing,2021-02-19 17:06:30,1309,RESIGNING
199,Des Bogey,Male,192-876-8622,5390 Gale Alley,2020-12-08 04:07:33,1127,BLACKLIST
200,Roseanna Segrott,Genderqueer,454-721-9521,501 David Circle,2021-07-07 04:37:32,1606,RESIGNING
201,Brande Mattheissen,Genderqueer,563-288-0918,22421 Thackeray Place,2021-08-25 00:30:09,1326,RESIGNING
202,Dominique Jansens,Male,426-453-9875,78 Northwestern Terrace,2021-09-03 03:09:31,1670,BLACKLIST
203,Curry Petzold,Genderqueer,869-320-3331,3 Sugar Pass,2020-10-10 18:49:20,1066,RESIGNING
204,Roderic Bartzen,Male,611-982-5588,54 Pennsylvania Plaza,2020-10-26 08:31:48,1073,RESIGNING
205,Alexis Jenks,Agender,590-454-2378,41 Kenwood Hill,2021-05-01 13:27:25,1796,BLACKLIST
206,Gnni Sarjent,Male,299-647-4839,4769 Charing Cross Trail,2020-10-22 10:48:25,1059,RESIGNING
207,Allyson Deverson,Male,155-269-7374,5426 Summerview Road,2021-05-28 14:02:21,1912,BLACKLIST
208,Emalia Dagleas,Non-binary,379-539-1568,7181 Hayes Pass,2020-11-13 22:16:49,1790,BLACKLIST
209,Colver Carney,Polygender,145-296-4219,23 Oak Valley Hill,2021-06-18 14:26:43,1634,WORKING
210,Aldus Ruddiforth,Genderqueer,702-734-1932,8352 Logan Point,2020-09-24 20:23:08,1519,WORKING
211,Kane Twelvetrees,Genderfluid,244-606-3776,0227 Amoth Circle,2020-10-03 23:41:41,1303,WORKING
212,Pat La Torre,Bigender,280-406-6532,2597 Susan Drive,2021-03-13 00:25:14,1520,WORKING
213,Staci Bras,Female,799-862-7058,89371 Park Meadow Point,2020-09-12 10:36:16,1568,WORKING
214,Lucine Widdall,Genderqueer,829-562-4514,2170 Summerview Road,2021-02-08 07:19:48,1371,RESIGNING
215,Brittney Gruszczak,Genderfluid,620-314-0898,614 Claremont Plaza,2021-04-27 17:10:04,1518,BLACKLIST
216,Colline Vearncomb,Polygender,389-601-3773,350 Anniversary Road,2020-09-05 00:22:56,1392,WORKING
217,Orsola Hartshorn,Non-binary,213-858-2780,5041 Barnett Street,2020-10-17 22:15:27,1035,BLACKLIST
218,Rosalinda Davison,Non-binary,777-652-2191,377 Golden Leaf Avenue,2020-09-18 22:27:47,1126,BLACKLIST
219,Shanta Rawlin,Polygender,913-952-1193,28 Crest Line Parkway,2020-10-13 16:08:13,1024,WORKING
220,Des Thomton,Non-binary,806-229-5606,550 Basil Road,2021-01-15 23:56:38,1476,BLACKLIST
221,Jarib Clawsley,Agender,327-351-1473,07 Waywood Hill,2020-09-29 14:54:12,1935,BLACKLIST
222,Corrinne Drayn,Female,194-875-0366,08423 Di Loreto Road,2021-04-01 23:42:53,1651,WORKING
223,Robyn Guyon,Bigender,919-564-5527,48284 Forster Junction,2020-10-02 22:36:15,1203,WORKING
224,Celestyn de Almeida,Polygender,836-296-7118,5518 Orin Crossing,2021-02-01 05:56:16,1840,WORKING
225,Meara Godman,Genderfluid,274-427-9144,17688 Clyde Gallagher Terrace,2021-02-20 00:00:47,1169,BLACKLIST
226,Cinda Beswell,Female,202-816-4281,839 Sundown Pass,2020-12-23 02:18:53,1776,BLACKLIST
227,Giffer Passby,Female,373-676-9709,61943 Old Gate Lane,2021-08-28 06:33:53,1474,WORKING
228,Tan Malloy,Polygender,388-928-7435,7 2nd Alley,2021-08-16 04:30:54,1802,WORKING
229,Lurlene Rowley,Female,307-239-5614,256 Hallows Terrace,2021-08-10 20:34:03,1621,BLACKLIST
230,Junette Lavell,Male,183-550-9761,6806 Sloan Avenue,2021-04-27 02:03:22,1611,RESIGNING
231,Hayes Balham,Polygender,803-641-0484,271 Superior Hill,2020-12-27 22:32:21,1046,RESIGNING
232,Zita Rudeyeard,Female,333-785-9780,29150 Rutledge Way,2021-06-10 19:07:28,1616,WORKING
233,Irwinn Maroney,Genderfluid,554-467-0809,74 Westridge Circle,2021-02-16 21:13:43,1970,BLACKLIST
234,Sky Kondratyuk,Agender,450-498-2611,426 Green Trail,2021-06-07 01:34:18,1573,RESIGNING
235,Nora Gillebert,Female,442-746-8764,17370 Waxwing Court,2021-03-13 01:05:51,1150,WORKING
236,Reider Limming,Genderfluid,553-937-5915,9164 Nova Circle,2021-01-06 21:39:02,1021,BLACKLIST
237,Loy Bartleman,Agender,254-525-9374,1 Ronald Regan Circle,2020-09-13 11:33:48,1510,WORKING
238,Rog McGiven,Agender,845-579-4302,03 Memorial Circle,2021-03-29 02:20:54,1968,WORKING
239,Manda Burdfield,Genderqueer,265-308-8333,188 Susan Parkway,2021-07-19 06:04:15,1384,BLACKLIST
240,Isiahi Lutwyche,Non-binary,489-379-5800,7380 Del Mar Center,2020-12-01 18:23:36,1515,RESIGNING
241,Lombard Saunders,Female,405-246-3974,9 Warner Circle,2021-01-20 21:11:13,1854,BLACKLIST
242,Collete Kits,Agender,850-790-0188,14 Westerfield Hill,2021-06-18 17:54:52,1771,BLACKLIST
243,Cos Tomini,Genderfluid,896-694-9328,15 Prairieview Road,2021-08-25 20:50:47,1541,WORKING
244,Jenica Gristock,Female,374-242-8705,82 Di Loreto Park,2020-10-30 07:46:26,1165,RESIGNING
245,Brittany Gowry,Bigender,120-161-9643,602 Petterle Parkway,2021-05-08 04:08:10,1604,BLACKLIST
246,Audy Matas,Male,376-595-3378,5775 Jackson Trail,2021-06-08 20:50:40,1200,BLACKLIST
247,Aurelea Spinage,Male,367-377-6346,368 Bartillon Circle,2021-04-22 06:25:37,1446,BLACKLIST
248,Brita Mastrantone,Genderqueer,678-148-0112,73150 Brickson Park Point,2020-12-28 09:44:33,1094,BLACKLIST
249,Karalee Bowlas,Non-binary,239-698-3515,9838 Katie Terrace,2021-02-05 21:56:08,1348,BLACKLIST
250,Eugenie Siggens,Genderqueer,824-204-6744,83 Elmside Pass,2020-11-11 08:23:54,1849,WORKING
251,Irvine Trorey,Male,192-626-6730,8400 Glendale Crossing,2021-02-12 19:04:23,1270,WORKING
252,Jocelyne Neely,Agender,871-800-0588,436 Comanche Pass,2021-06-01 01:35:22,1677,RESIGNING
253,Mandi Nassau,Female,625-468-8013,127 Toban Pass,2021-02-23 06:24:44,1469,BLACKLIST
254,Julian Lyard,Genderfluid,703-693-6574,822 Nobel Plaza,2021-03-24 02:15:23,1596,BLACKLIST
255,Sarita Tathacott,Bigender,870-765-3786,18 Oak Park,2021-03-06 21:36:33,1051,WORKING
256,Bea Bertin,Non-binary,945-675-2209,8920 Summit Court,2021-05-03 16:00:26,1128,WORKING
257,Wendeline Romain,Agender,523-365-1470,116 Ohio Parkway,2021-04-28 01:18:52,1612,BLACKLIST
258,Olin Petegrew,Polygender,790-907-7749,3036 Blackbird Hill,2021-06-11 23:50:36,1318,RESIGNING
259,Sheilakathryn Shears,Male,356-990-3034,508 Old Gate Junction,2021-03-15 14:02:12,1270,WORKING
260,Monika Rutter,Male,856-293-7343,740 Dwight Drive,2020-10-22 05:51:33,1494,RESIGNING
261,Shamus Tulk,Female,181-708-2880,91 Barnett Way,2021-07-07 03:48:13,1307,RESIGNING
262,Ruddie Isenor,Male,533-535-3808,67003 Brown Park,2020-11-15 12:51:41,1132,BLACKLIST
263,Ariadne McLardie,Female,347-754-2932,1 Golf Course Place,2021-02-05 00:22:13,1866,RESIGNING
264,Franky Mertel,Agender,172-182-3667,2 Mariners Cove Street,2020-12-14 04:36:43,1190,RESIGNING
265,Burnaby Jarmyn,Bigender,525-449-3053,663 Westend Street,2020-10-28 07:47:10,1324,RESIGNING
266,Torey Abdee,Male,841-631-8709,4568 Mosinee Trail,2020-10-19 23:58:46,1833,WORKING
267,Cordie Heindrick,Polygender,469-715-9127,3 Service Way,2021-02-04 16:58:13,1353,RESIGNING
268,Lodovico Fardon,Polygender,866-256-8596,57 Mcbride Avenue,2020-10-10 02:50:30,1261,BLACKLIST
269,Abbe Rockhill,Polygender,783-659-3216,49 Hintze Street,2021-03-15 02:03:11,1378,RESIGNING
270,Isador Gorler,Male,647-617-2754,31988 Jackson Plaza,2021-04-09 00:23:27,1018,WORKING
271,Berenice Knevit,Genderfluid,855-580-7275,2180 Mifflin Park,2021-04-16 20:57:29,1252,RESIGNING
272,Niven Allnutt,Male,995-400-5288,518 Buena Vista Avenue,2021-04-08 17:41:18,1095,RESIGNING
273,Bab Harbinson,Genderfluid,246-288-9684,1955 Packers Crossing,2021-08-24 17:59:13,1239,RESIGNING
274,Stephine Chaperlin,Agender,364-665-4847,4 Acker Place,2021-05-08 20:43:45,1838,RESIGNING
275,Xavier Kaufman,Genderfluid,440-671-6450,488 Main Avenue,2021-02-17 12:29:18,1988,WORKING
276,Collen Weerdenburg,Bigender,907-711-5389,6459 Algoma Pass,2021-07-03 18:24:30,1597,WORKING
277,Val Blowen,Bigender,907-886-4467,948 Sunnyside Alley,2020-12-12 06:35:21,1033,BLACKLIST
278,Des Ballingal,Agender,358-674-2331,33602 Gina Lane,2021-03-13 14:05:25,1316,RESIGNING
279,Tabor Lovitt,Genderqueer,946-624-1806,2 Drewry Avenue,2021-04-02 16:33:12,1602,BLACKLIST
280,Aurthur Kleinlerer,Polygender,403-173-4418,991 Hooker Circle,2021-02-10 05:09:11,1627,BLACKLIST
281,Natalya Binion,Bigender,983-681-4427,424 Forest Run Road,2021-02-15 07:58:28,1769,BLACKLIST
282,Dulciana Saxton,Non-binary,901-989-3274,1 Hermina Road,2020-12-26 02:17:49,1231,WORKING
283,Phillida Lello,Female,314-956-2891,251 Express Lane,2021-02-19 15:01:04,1379,BLACKLIST
284,Raychel Stairmand,Genderqueer,833-676-7821,08670 Graceland Junction,2021-02-14 11:05:39,1046,RESIGNING
285,Clary Duiguid,Bigender,764-280-8367,9883 Grover Parkway,2021-01-07 07:40:16,1416,WORKING
286,Enrica Agneau,Female,243-528-7722,04924 Brown Trail,2021-06-20 14:39:33,1895,BLACKLIST
287,Bertrando Jendricke,Polygender,892-945-2008,5059 Swallow Terrace,2021-06-04 16:21:31,1359,WORKING
288,Flossy Ratcliff,Polygender,468-412-7776,42417 Lukken Way,2021-06-05 18:14:59,1415,WORKING
289,Hew Catterson,Genderqueer,665-759-2407,72224 Glendale Way,2020-12-04 05:49:00,1303,RESIGNING
290,Brittan Clipston,Male,566-990-4212,0508 Garrison Parkway,2021-01-09 09:48:49,1498,RESIGNING
291,Ramsey Stibbs,Female,337-106-1166,73 Del Sol Place,2021-04-06 20:26:36,1087,WORKING
292,Jacqui Dickons,Female,765-530-9906,85 Elmside Street,2020-09-20 12:22:21,1409,WORKING
293,Renate Nussii,Male,658-423-5719,46 Thierer Circle,2020-10-13 20:45:42,1760,WORKING
294,Pierrette Duffett,Genderfluid,943-341-7308,8 Nevada Terrace,2020-12-21 03:59:21,1557,RESIGNING
295,Orella Gosse,Non-binary,489-886-1129,1462 Bashford Hill,2021-02-16 22:32:17,1330,RESIGNING
296,Delilah Echelle,Genderfluid,931-946-1586,6 Fulton Alley,2021-07-24 04:01:43,1574,RESIGNING
297,Kelley Boerderman,Genderfluid,435-272-3743,38703 Green Circle,2021-05-02 11:03:48,1475,WORKING
298,Claudian Secombe,Polygender,993-692-6246,0608 Macpherson Park,2020-12-11 05:53:44,1571,BLACKLIST
299,Collete Essame,Non-binary,907-835-4959,3 Superior Alley,2020-12-30 09:22:02,1055,WORKING
300,Rudolfo Edgars,Polygender,782-673-9385,2652 Welch Alley,2021-06-14 03:00:32,1557,RESIGNING
301,Nan Gives,Male,423-612-5531,16 Onsgard Drive,2021-05-03 22:02:44,1332,RESIGNING
302,Madella Wilkison,Agender,676-222-0135,044 Acker Pass,2021-06-01 11:54:16,1992,WORKING
303,Emory Brainsby,Genderfluid,388-560-0575,6823 Derek Terrace,2021-02-03 21:49:04,1355,RESIGNING
304,Ina Nancarrow,Agender,715-423-1734,68430 Darwin Place,2021-06-18 23:58:07,1408,RESIGNING
305,Barbi Blandamore,Agender,622-720-3775,5845 Clyde Gallagher Plaza,2021-06-13 10:45:48,1892,WORKING
306,Hiram Newport,Polygender,792-695-3954,46 Elgar Plaza,2021-02-05 11:14:41,1628,WORKING
307,Reynolds Readman,Female,865-635-7244,094 Di Loreto Lane,2021-03-08 15:37:15,1561,WORKING
308,Marnie Guarnier,Polygender,910-198-9071,1698 2nd Plaza,2020-12-15 19:52:34,1606,RESIGNING
309,Orella Knagges,Genderfluid,970-450-8511,7 Loomis Place,2021-08-28 10:30:24,1020,WORKING
310,Maryanna McGhie,Bigender,828-666-7501,41 Elgar Junction,2020-09-06 19:16:48,1414,RESIGNING
311,Marleah Edelman,Polygender,906-273-8684,88990 Ohio Court,2021-01-09 10:12:23,1828,RESIGNING
312,Risa Dawtrey,Polygender,795-428-5430,8513 Commercial Alley,2020-09-15 00:37:04,1526,WORKING
313,Inness Etheridge,Non-binary,701-929-1861,89 Brown Park,2020-09-13 22:32:22,1885,WORKING
314,Ninon Thaller,Polygender,286-979-2304,14 Trailsway Alley,2020-09-30 00:29:09,1292,BLACKLIST
315,Ferdinand Kubczak,Bigender,329-840-9342,46434 Laurel Junction,2020-10-04 02:32:54,1705,WORKING
316,Barret Ivashin,Agender,916-693-3471,01 Sunfield Road,2021-06-27 22:32:39,1478,RESIGNING
317,Konstantine Bonney,Genderfluid,788-498-8860,02 Sutherland Alley,2020-10-20 01:04:15,1572,WORKING
318,Tadio Samways,Male,845-507-5445,918 Farmco Place,2020-10-21 05:16:58,1173,WORKING
319,Esther Annesley,Agender,428-246-7627,332 Paget Park,2021-08-20 17:09:50,1395,BLACKLIST
320,Idelle Aslie,Non-binary,745-541-7090,773 Holy Cross Pass,2020-11-16 05:31:53,1376,WORKING
321,Chelsea Gribbon,Male,425-550-5070,9 Di Loreto Pass,2021-02-21 10:17:33,1405,WORKING
322,Katuscha Sherme,Genderfluid,266-916-1142,5 Tennessee Park,2021-06-24 00:47:39,1990,RESIGNING
323,Dewey Pawelski,Non-binary,310-722-6908,31 Stoughton Road,2020-11-23 19:15:57,1849,BLACKLIST
324,Hamnet Shrubsall,Bigender,169-193-7702,1 Larry Center,2021-03-22 22:37:54,1346,RESIGNING
325,Pearline Tankus,Agender,628-279-8191,38453 Oak Junction,2021-02-24 13:10:21,1916,BLACKLIST
326,Lanae Booler,Bigender,742-520-6692,48 Iowa Plaza,2021-07-13 08:40:32,1122,BLACKLIST
327,Valene Lodo,Agender,712-859-1168,116 Esker Point,2020-09-06 11:33:32,1176,BLACKLIST
328,Celeste Tootell,Agender,802-610-6544,34288 Burrows Hill,2020-09-22 03:43:27,1708,BLACKLIST
329,Jewell Heffer,Bigender,418-941-2545,1 Lyons Lane,2021-03-06 05:01:50,1907,WORKING
330,Bar Pepi,Polygender,116-871-1281,3 Killdeer Point,2021-05-12 09:38:17,1002,WORKING
331,Theobald Emsley,Bigender,940-505-3209,9281 Blaine Pass,2021-05-30 22:33:34,1854,RESIGNING
332,Eleen Solloway,Non-binary,906-152-2025,380 Duke Hill,2021-03-11 11:54:15,1838,WORKING
333,Jorie Croall,Genderqueer,310-507-2794,47 Sycamore Road,2020-11-02 06:09:01,1598,BLACKLIST
334,Adriano Lippingwell,Genderqueer,146-501-2335,1465 7th Crossing,2020-10-11 08:23:50,1655,RESIGNING
335,Becka Kendrew,Genderfluid,328-526-6959,572 American Ash Alley,2021-08-21 04:00:01,1795,RESIGNING
336,Doe Raggatt,Male,836-940-8696,405 Ronald Regan Trail,2021-07-27 06:08:24,1865,RESIGNING
337,Obie Fillingham,Polygender,289-746-7338,318 Continental Park,2021-07-01 06:18:04,1927,WORKING
338,Kelvin Cavie,Genderfluid,673-384-3721,26 Northridge Point,2020-10-20 11:26:14,1332,WORKING
339,Meredeth Bromont,Genderfluid,770-513-3167,438 Almo Alley,2021-07-05 21:18:21,1521,BLACKLIST
340,Stanfield Skillern,Non-binary,721-484-7875,8 4th Circle,2021-04-15 11:04:23,1672,BLACKLIST
341,Gaven Scraney,Polygender,693-727-2757,82 Bultman Plaza,2021-06-12 12:49:57,1114,RESIGNING
342,Shani Govey,Male,696-952-3958,395 Evergreen Lane,2020-09-22 16:21:00,1629,BLACKLIST
343,Julita Pfaff,Agender,938-191-4211,28 Debs Center,2021-07-11 08:32:21,1428,BLACKLIST
344,Caritta Schubuser,Bigender,725-146-7254,9 Jenifer Drive,2020-11-25 10:25:05,1003,WORKING
345,Stanislaus Duester,Non-binary,658-849-5958,1 Hayes Junction,2020-09-26 05:33:58,1465,WORKING
346,Major Posthill,Agender,169-615-2143,066 Myrtle Way,2021-02-04 02:43:28,1171,BLACKLIST
347,Belle Shanley,Bigender,759-586-2200,1 Clemons Park,2021-01-27 22:48:07,1268,WORKING
348,Adorne Blencowe,Male,970-587-7755,656 Grayhawk Junction,2021-08-21 07:34:19,1064,BLACKLIST
349,Dulcine Steeden,Male,934-556-0541,956 Lotheville Park,2021-01-21 09:51:45,1798,RESIGNING
350,Fredelia Peizer,Genderqueer,763-245-0099,1 Holy Cross Pass,2021-06-28 06:05:33,1775,WORKING
351,Mirna Strike,Male,194-126-2399,14 Vahlen Hill,2021-05-27 20:22:30,1110,RESIGNING
352,Danita Baynton,Agender,372-323-9925,526 Gale Parkway,2020-12-17 19:30:35,1594,WORKING
353,Zenia Crispe,Female,626-595-0631,97311 Briar Crest Trail,2021-08-16 20:30:47,1073,WORKING
354,Jerald Noell,Bigender,813-525-0862,6554 Butterfield Terrace,2020-10-24 19:38:35,1884,WORKING
355,Karlik Cornwell,Female,853-764-0313,85573 Continental Terrace,2020-10-20 03:53:42,1500,RESIGNING
356,Batholomew Cescotti,Agender,231-562-1370,491 Arizona Road,2021-05-17 06:17:46,1771,WORKING
357,Willem Dallon,Genderfluid,427-636-0479,80 Prentice Way,2021-05-21 02:57:04,1287,RESIGNING
358,Trudi Sans,Agender,709-117-6072,80223 Everett Drive,2021-05-21 14:30:03,1112,BLACKLIST
359,Noella Faro,Female,170-538-4184,77 Killdeer Way,2021-05-05 18:05:54,1460,WORKING
360,Mitchell Edwin,Bigender,522-100-5920,3153 Donald Avenue,2021-01-27 21:55:57,1384,BLACKLIST
361,Mahmud Pettyfar,Genderqueer,698-512-8965,2 Anhalt Point,2021-01-15 01:01:52,1375,RESIGNING
362,Vivie Ginnane,Polygender,336-792-2443,7113 Morningstar Trail,2021-05-12 12:43:05,1325,BLACKLIST
363,Ilaire Winny,Female,851-574-9069,25454 Hovde Pass,2021-06-20 18:04:31,1249,BLACKLIST
364,Cristina Ginie,Bigender,134-323-2810,394 Ilene Junction,2020-12-08 23:14:18,1023,WORKING
365,Major Petriello,Genderfluid,267-930-6009,3 Jenna Plaza,2021-04-14 18:50:32,1086,BLACKLIST
366,Elane Shoobridge,Male,995-784-7454,13556 Merrick Terrace,2020-11-10 07:58:23,1849,RESIGNING
367,Jaye Spick,Genderfluid,948-948-2165,24 Randy Terrace,2020-10-09 16:58:41,1575,RESIGNING
368,Vassily Lamball,Genderfluid,559-296-5783,388 Forest Dale Park,2021-02-10 04:04:04,1560,RESIGNING
369,Marylee Urry,Genderfluid,713-374-9923,64 Pepper Wood Street,2020-09-30 16:26:58,1889,RESIGNING
370,Ulysses Chace,Agender,523-156-2900,4138 Fordem Junction,2021-02-13 15:49:12,1629,RESIGNING
371,Lissie Crannell,Male,515-604-9181,56671 Butternut Plaza,2021-05-02 17:47:14,1611,WORKING
372,Cheston Matschoss,Genderqueer,135-860-6231,15800 Sommers Terrace,2021-08-13 07:05:10,1491,BLACKLIST
373,Philipa Steers,Agender,143-376-1066,56103 Springs Road,2021-07-20 13:10:24,1211,RESIGNING
374,Ricard Kilcullen,Polygender,127-413-0804,0324 Iowa Way,2020-12-14 13:13:30,1004,RESIGNING
375,Flore Forsaith,Male,645-570-6038,428 Delaware Plaza,2021-07-03 00:44:39,1105,WORKING
376,Christophe Shortell,Genderqueer,677-170-3125,71 Arrowood Court,2021-03-28 06:19:53,1987,RESIGNING
377,Christabella Lambarth,Non-binary,549-705-1061,4 Browning Plaza,2020-10-20 03:48:49,1783,RESIGNING
378,Fredra Mutton,Genderqueer,949-989-9211,776 Fair Oaks Lane,2020-12-14 03:33:59,1381,RESIGNING
379,Leon Fried,Male,337-777-0421,5309 Mallard Street,2021-02-04 19:25:26,1328,WORKING
380,Matty Tibbles,Genderfluid,714-672-1864,32 Sullivan Junction,2020-11-04 14:31:31,1085,WORKING
381,Stewart Short,Bigender,122-168-0404,007 Morningstar Court,2021-01-13 19:26:14,1462,BLACKLIST
382,Helenka Elsegood,Polygender,254-433-5620,40270 Larry Trail,2020-09-13 23:59:33,1781,BLACKLIST
383,Ferdie Brocking,Female,576-845-2330,439 Glendale Way,2020-12-16 16:26:18,1054,BLACKLIST
384,Vivi Cicchinelli,Female,370-664-7034,07840 Tomscot Road,2021-06-24 00:26:08,1082,WORKING
385,Idaline Jessope,Female,813-914-2796,11 Johnson Terrace,2020-11-17 22:12:52,1572,RESIGNING
386,Frannie MacKibbon,Genderqueer,535-282-3815,0 Ohio Crossing,2021-02-27 09:12:50,1514,RESIGNING
387,Algernon Jurewicz,Polygender,785-322-5973,3 Sullivan Pass,2021-09-04 09:48:57,1394,WORKING
388,Cosimo Malley,Bigender,724-614-7414,2 Katie Center,2021-03-24 15:11:42,1812,WORKING
389,Aharon MacIlurick,Genderqueer,289-700-8795,595 Hintze Court,2021-01-18 06:08:55,1906,RESIGNING
390,Indira Kean,Agender,649-475-1901,553 Forest Run Pass,2021-04-23 10:27:05,1044,BLACKLIST
391,Purcell Suggitt,Genderfluid,402-582-2233,525 Pennsylvania Drive,2020-09-07 16:31:50,1078,WORKING
392,Ignacius Milan,Polygender,605-994-7757,28 Graceland Lane,2021-08-01 11:45:38,1994,RESIGNING
393,Jeanna Berthomieu,Polygender,131-935-9359,82 Bartillon Way,2021-06-25 03:07:30,1802,WORKING
394,Berri Calton,Female,919-652-8108,4219 Columbus Center,2020-11-18 00:54:51,1003,WORKING
395,Charissa Laviss,Bigender,341-609-8932,8688 Division Lane,2020-10-20 04:49:48,1732,RESIGNING
396,Sidney Stammirs,Polygender,430-111-8242,28 Meadow Vale Street,2020-09-30 17:17:44,1407,RESIGNING
397,Pearle Jellico,Genderqueer,867-440-0591,5081 Charing Cross Pass,2021-07-31 05:53:08,1988,RESIGNING
398,Merrilee Ryburn,Genderfluid,290-924-3168,7 Sachtjen Plaza,2020-11-29 16:21:51,1625,RESIGNING
399,Brok Goolding,Agender,696-204-5652,045 Meadow Ridge Drive,2021-06-11 02:25:59,1321,BLACKLIST
400,Loren Crummy,Genderqueer,894-497-2575,7124 Coleman Junction,2021-03-08 15:22:17,1878,BLACKLIST
401,Pierrette Geering,Bigender,328-629-6113,8933 Summerview Parkway,2020-11-14 09:29:13,1961,BLACKLIST
402,Maxy Skinner,Female,127-563-6229,0 Stephen Street,2020-09-05 02:19:30,1451,BLACKLIST
403,Kizzee Tribe,Non-binary,904-309-5101,530 Hintze Junction,2021-01-10 21:58:09,1192,RESIGNING
404,Terrence Witheridge,Female,734-435-0243,6033 Dovetail Trail,2021-07-18 12:47:27,1523,WORKING
405,Cal Kellitt,Genderqueer,439-470-6990,8 Morningstar Road,2021-07-25 10:41:47,1297,RESIGNING
406,Wanda Braddock,Polygender,836-959-5606,5 Sauthoff Place,2021-05-23 21:23:32,1194,WORKING
407,Johnette Cathersides,Genderqueer,373-250-0268,257 Esch Crossing,2020-12-15 17:16:02,1052,RESIGNING
408,Thorsten Jowling,Female,158-212-0380,8266 Brown Drive,2021-03-19 02:25:08,1427,BLACKLIST
409,Aguste Cossam,Agender,752-130-1216,99984 Service Street,2021-09-01 05:23:25,1482,RESIGNING
410,Paige Devennie,Female,771-573-4940,25 Tony Terrace,2021-03-20 21:40:15,1357,RESIGNING
411,Amie Coldbathe,Genderfluid,440-855-2381,19 Lake View Street,2020-11-09 05:05:13,1185,RESIGNING
412,Jordana Ogilvie,Male,857-319-5500,01134 Jackson Alley,2021-08-29 12:13:27,1928,WORKING
413,Alvin Derges,Genderqueer,850-848-4677,508 Vera Crossing,2021-01-11 11:43:15,1889,BLACKLIST
414,Kynthia Widdowes,Genderqueer,472-354-3075,41 Muir Parkway,2021-02-28 00:34:48,1018,RESIGNING
415,Tabitha Woolvett,Agender,780-355-1455,9 Vermont Point,2020-10-13 01:50:04,1534,RESIGNING
416,Myron Paunsford,Bigender,128-471-3102,02 Crowley Way,2021-06-15 14:51:29,1211,WORKING
417,Joyous Newe,Genderqueer,897-544-6136,43 Toban Place,2020-12-18 18:24:15,1483,RESIGNING
418,Gena Ambroz,Female,521-722-8973,7 Sachs Hill,2021-04-15 04:32:05,1134,BLACKLIST
419,Quincy Abrahmson,Bigender,200-252-5547,24382 Brentwood Pass,2021-07-28 13:30:25,1843,RESIGNING
420,Gan Crellim,Polygender,895-448-2027,87811 Manitowish Junction,2020-12-10 13:18:21,1625,WORKING
421,Cathyleen Slyde,Female,589-860-1785,031 Bay Place,2020-10-30 23:04:40,1670,WORKING
422,Kori Burburough,Bigender,469-138-3026,88503 Westerfield Parkway,2021-06-27 05:03:48,1711,WORKING
423,Debi Furmenger,Bigender,808-148-3593,8332 Graceland Court,2021-07-02 10:15:06,1634,BLACKLIST
424,Marylin Bremond,Agender,328-989-3046,054 Rowland Drive,2021-01-25 15:01:13,1880,BLACKLIST
425,Julita Yoakley,Female,168-157-0982,6722 Moose Circle,2020-11-22 19:09:39,1161,BLACKLIST
426,Iseabal Ekkel,Polygender,450-747-2791,54686 Muir Circle,2021-04-02 18:17:00,1302,BLACKLIST
427,Shawnee Marczyk,Non-binary,324-493-8297,3755 Basil Hill,2021-02-24 11:12:42,1192,RESIGNING
428,Bastian Wyatt,Genderqueer,931-487-6248,6962 Burrows Avenue,2021-07-20 22:42:04,1332,RESIGNING
429,Yolande Scales,Agender,849-547-7066,146 Shelley Alley,2021-02-09 09:28:07,1695,WORKING
430,Elicia Iremonger,Genderfluid,556-804-5723,2319 Monterey Street,2021-01-05 02:51:15,1609,BLACKLIST
431,Baldwin Selbie,Genderqueer,701-649-8291,7 Carberry Junction,2021-05-08 06:01:18,1109,WORKING
432,Ynes Valiant,Agender,903-683-9162,5 Luster Court,2020-10-17 14:58:46,1844,WORKING
433,Jocko Gillions,Agender,328-145-4805,69 Stang Way,2020-09-26 22:14:30,1601,RESIGNING
434,Parsifal Stokoe,Male,305-388-7433,6 Melody Park,2021-01-26 16:31:29,1165,BLACKLIST
435,Burton Breitling,Genderqueer,480-656-4651,2 Eastwood Place,2021-07-02 00:18:34,1922,BLACKLIST
436,Cory Asquith,Female,456-979-7205,22 Maryland Park,2021-04-30 22:14:22,1655,RESIGNING
437,Mitch Pyle,Male,506-622-3865,882 Jenna Point,2020-12-09 03:56:39,1439,RESIGNING
438,Elsworth Norsister,Polygender,805-432-9135,36567 Fordem Junction,2021-06-10 18:37:18,1305,WORKING
439,Celie Reckless,Polygender,186-213-9516,3448 Sutteridge Place,2021-01-05 23:17:54,1469,RESIGNING
440,Rochester Tattam,Polygender,665-979-8763,9 Warrior Parkway,2021-07-07 14:38:41,1782,WORKING
441,Lonnie Dopson,Female,368-660-5515,9561 Crowley Point,2020-11-01 05:05:16,1628,WORKING
442,Hartwell McIvor,Polygender,691-169-5829,76554 Tennessee Way,2021-01-19 00:23:47,1242,RESIGNING
443,Alvis Fominov,Polygender,138-654-2536,917 Rieder Park,2020-10-12 08:50:30,1734,RESIGNING
444,Towney Van Bruggen,Bigender,120-231-5641,17700 Dryden Lane,2021-04-19 22:30:37,1733,WORKING
445,Tamma Chittie,Genderqueer,240-122-3712,546 Erie Drive,2020-12-05 22:57:38,1038,RESIGNING
446,Gillan Praten,Female,472-337-5519,935 Algoma Plaza,2021-04-02 15:50:35,1072,RESIGNING
447,Elle Eskriett,Bigender,796-256-2237,57 Chive Circle,2021-02-14 12:12:21,1164,RESIGNING
448,Pauli Bladon,Bigender,767-102-8847,95 Tennyson Court,2021-05-08 07:56:11,1116,WORKING
449,Ainslee McComiskie,Bigender,904-688-0460,1 Sachtjen Parkway,2021-03-19 02:09:42,1579,RESIGNING
450,Webb Erdis,Polygender,743-374-4851,963 Forest Run Point,2020-11-30 05:25:13,1429,RESIGNING
451,Shandee Sanham,Genderfluid,523-474-5519,14666 Parkside Crossing,2021-04-02 13:32:32,1854,WORKING
452,Aksel Huguet,Male,156-431-3858,6 Redwing Street,2021-04-23 17:29:19,1596,RESIGNING
453,Candida Parell,Bigender,145-905-0970,8 Clyde Gallagher Court,2021-08-20 04:31:22,1340,BLACKLIST
454,Sebastiano Joynson,Non-binary,850-676-9995,6 Kipling Center,2021-01-15 11:24:22,1719,BLACKLIST
455,Nyssa Putnam,Female,417-461-0085,0 Northwestern Trail,2020-10-13 22:36:11,1044,RESIGNING
456,Zach Comport,Polygender,559-851-8039,1567 Summit Way,2021-06-29 21:52:51,1474,BLACKLIST
457,Vernon Sotham,Genderfluid,199-413-0390,6396 Evergreen Place,2020-10-17 18:46:37,1660,BLACKLIST
458,Gay Tremoulet,Male,427-502-0761,416 Porter Parkway,2020-10-24 10:21:36,1767,BLACKLIST
459,Ilsa Liveing,Male,197-492-2760,19 Buhler Terrace,2020-12-28 22:09:11,1892,WORKING
460,Shae Note,Genderqueer,556-417-2924,4 Forest Dale Lane,2020-12-13 10:31:30,1767,RESIGNING
461,Jaimie Castiblanco,Bigender,561-221-0299,1565 Mosinee Crossing,2020-10-15 02:56:52,1868,WORKING
462,Chucho Finden,Genderfluid,236-518-5002,8 Canary Parkway,2020-11-02 14:10:29,1839,WORKING
463,Shani Julien,Non-binary,513-568-8826,768 Thierer Road,2021-08-11 17:53:21,1112,RESIGNING
464,Gerhard Woollacott,Bigender,750-815-8783,721 Marcy Drive,2021-08-01 15:42:18,1185,BLACKLIST
465,Way Joannidi,Male,415-324-7284,76788 Pond Plaza,2020-12-29 04:06:05,1803,BLACKLIST
466,Ronica Tettley,Genderfluid,253-764-3798,602 Anhalt Way,2020-09-14 19:04:45,1499,BLACKLIST
467,Opalina Hastie,Genderfluid,426-624-0578,2 Vernon Lane,2021-04-21 16:49:55,1739,BLACKLIST
468,Verla Bantick,Polygender,336-116-9299,2 Veith Parkway,2020-11-08 23:32:49,1903,WORKING
469,Charita Huey,Non-binary,979-115-3654,880 Annamark Plaza,2021-01-18 03:05:11,1012,BLACKLIST
470,Iver Neylan,Agender,211-426-2220,41 Hazelcrest Street,2020-12-07 15:57:47,1146,WORKING
471,Starlin Smedley,Agender,260-895-8069,163 Hansons Point,2021-07-30 15:01:50,1666,BLACKLIST
472,Shepperd McKelloch,Male,465-287-3793,509 Weeping Birch Place,2020-12-18 06:43:14,1740,RESIGNING
473,Yetty Beckworth,Agender,881-447-0364,76 Rutledge Hill,2020-10-16 01:10:34,1760,RESIGNING
474,Cyrille Coffee,Male,232-588-6113,39 Hooker Junction,2020-11-12 01:06:41,1156,WORKING
475,Dorise Kleinmann,Genderqueer,808-463-1490,0 Jenifer Drive,2021-07-04 16:06:49,1746,WORKING
476,Dosi Zum Felde,Agender,246-740-2501,3043 Pankratz Plaza,2020-10-15 08:24:47,1830,RESIGNING
477,Kirbie Hammerberger,Agender,624-432-8899,76 Buena Vista Street,2021-01-29 13:26:32,1663,BLACKLIST
478,Charissa Worthington,Polygender,919-458-6775,450 Daystar Street,2020-12-14 09:03:29,1631,RESIGNING
479,Sylvester Hovey,Female,507-276-1846,471 Vermont Center,2021-02-08 08:06:55,1427,WORKING
480,Gwenore Grooby,Genderfluid,359-686-6248,3 Summer Ridge Lane,2020-11-12 03:23:42,1249,RESIGNING
481,Annissa Nunnery,Genderfluid,358-954-8057,26 Elgar Junction,2020-11-15 14:20:55,1486,WORKING
482,Auria Samart,Agender,336-888-4859,6 Brown Court,2021-08-10 05:11:24,1384,RESIGNING
483,Rosabella Battleson,Female,600-794-6555,01775 Lukken Center,2021-07-10 13:38:08,1875,RESIGNING
484,Carolann Milne,Female,565-288-1320,67238 East Way,2021-05-19 08:50:33,1930,RESIGNING
485,Paolo Heyworth,Bigender,394-783-9867,2789 Kropf Alley,2020-09-27 20:06:25,1486,BLACKLIST
486,Sheeree Mealiffe,Non-binary,960-414-7973,033 Jenifer Street,2021-08-16 03:00:53,1494,RESIGNING
487,Clemmy Spaven,Polygender,673-723-8735,01089 Sundown Circle,2021-04-15 02:20:59,1998,BLACKLIST
488,Noni Ackenson,Male,367-197-6353,4 Pierstorff Parkway,2020-09-30 04:33:30,1007,RESIGNING
489,Zenia Cashmore,Genderfluid,476-194-7423,561 Memorial Park,2021-07-28 10:29:32,1138,BLACKLIST
490,Derril Stubbin,Male,674-976-6660,51 Pawling Crossing,2021-03-08 21:50:56,1455,WORKING
491,Merrick Gamble,Genderfluid,815-597-7395,9178 Northridge Alley,2021-02-17 21:50:03,1857,WORKING
492,Cam Berecloth,Male,561-804-9143,23166 Quincy Point,2021-06-06 13:45:11,1664,WORKING
493,Melantha Hindrick,Male,808-363-5307,5385 American Ash Crossing,2020-12-16 02:11:11,1232,BLACKLIST
494,Chad Vedeneev,Genderqueer,976-222-1903,20949 Eastwood Center,2020-10-31 16:18:16,1071,BLACKLIST
495,Tiphanie Tanner,Male,985-726-3203,733 Veith Road,2020-11-08 14:57:49,1683,RESIGNING
496,Benson Reddy,Agender,100-308-6886,78351 Oak Valley Circle,2020-11-20 15:11:09,1541,BLACKLIST
497,Gail Shevlin,Male,152-472-0562,9370 Sachtjen Street,2020-09-21 07:28:11,1982,BLACKLIST
498,Eve Martinson,Male,394-338-8727,692 Mallard Park,2021-02-10 07:10:50,1283,RESIGNING
499,Emerson Bly,Polygender,448-191-9621,25079 Loomis Point,2020-11-30 07:00:11,1403,RESIGNING
500,Rawley Totterdell,Polygender,245-117-2126,3719 Ramsey Way,2021-06-27 19:50:40,1556,WORKING
501,Pepillo Baudains,Polygender,298-402-5158,310 Waywood Court,2021-07-07 15:56:17,1326,BLACKLIST
502,Perrine Paddick,Polygender,464-564-9325,80 3rd Crossing,2020-11-02 23:39:21,1179,BLACKLIST
503,Coriss Froom,Genderqueer,661-564-7489,38377 Buhler Street,2021-01-17 14:21:20,1941,RESIGNING
504,Kylie Rosenkranc,Polygender,109-352-3170,540 Bartillon Road,2021-05-22 19:04:38,1129,WORKING
505,Erica Klemz,Genderfluid,245-959-6102,20457 Killdeer Road,2020-12-30 12:07:56,1763,WORKING
506,Rebe Antonoyev,Male,419-235-7878,00336 Acker Park,2020-11-25 08:20:52,1210,RESIGNING
507,Arron Zamorano,Female,145-559-3167,17 Mosinee Pass,2021-04-18 13:35:41,1239,RESIGNING
508,Montague Ferrelli,Male,860-783-1017,70797 Sommers Street,2021-08-21 01:30:29,1732,WORKING
509,Alvy Culpan,Polygender,956-986-5889,59564 Arrowood Point,2021-02-27 21:25:22,1473,RESIGNING
510,Marlena Blaszczak,Genderfluid,206-908-4777,365 Sunnyside Way,2021-06-25 23:18:30,1671,WORKING
511,Dur Terzi,Non-binary,989-547-5607,1947 Bluejay Hill,2021-08-25 06:10:13,1756,WORKING
512,Raoul Dismore,Agender,561-897-1265,96407 Monument Drive,2021-07-20 00:08:03,1171,WORKING
513,Rosy Golbourn,Male,915-266-6701,20567 Maple Wood Plaza,2020-12-14 10:21:58,1778,WORKING
514,Gran Berzin,Bigender,496-123-8430,104 Marcy Drive,2021-07-04 11:12:06,1901,BLACKLIST
515,Ferrel Kohrding,Male,754-186-4742,6 Menomonie Plaza,2021-02-16 05:58:34,1445,BLACKLIST
516,Abramo Liggett,Female,217-378-7047,3319 Thompson Trail,2021-01-29 07:20:32,1925,WORKING
517,Wenona Marielle,Agender,723-617-6571,1 Anniversary Alley,2021-04-20 23:57:45,1145,BLACKLIST
518,Jason Makinson,Male,898-388-1562,2 Spaight Plaza,2021-05-31 22:36:25,1351,WORKING
519,Vita Chaudhry,Female,275-621-1825,47 Judy Junction,2021-02-22 04:30:00,1734,BLACKLIST
520,Morley Camden,Male,569-492-2493,831 Sheridan Court,2021-06-08 11:26:29,1055,BLACKLIST
521,Stephine Trahmel,Non-binary,628-184-6522,1 Coolidge Park,2021-06-20 23:56:03,1652,BLACKLIST
522,Jillian Crumby,Genderfluid,651-624-8290,609 Darwin Road,2021-08-12 20:07:50,1217,BLACKLIST
523,Chase Canedo,Genderqueer,651-342-6894,18 Farragut Junction,2021-05-26 21:35:29,1079,BLACKLIST
524,Padriac Gillibrand,Genderfluid,884-195-3267,75 Lukken Park,2021-07-31 16:43:18,1976,WORKING
525,Mace Klimowski,Bigender,135-810-3131,781 1st Terrace,2020-10-21 03:11:51,1268,WORKING
526,Amargo Wason,Non-binary,487-313-6193,4373 Garrison Alley,2021-01-14 02:25:57,1677,WORKING
527,Merrill Scheffler,Male,922-123-6321,0236 Victoria Alley,2021-01-30 15:08:47,1221,WORKING
528,Queenie Cheek,Agender,440-614-6925,5 Dapin Parkway,2020-09-22 20:15:38,1227,BLACKLIST
529,Deeann Aindrais,Female,483-557-4839,58 Susan Plaza,2021-02-02 04:35:37,1748,RESIGNING
530,Sutton West-Frimley,Genderqueer,309-724-5190,0 Buhler Lane,2021-01-04 14:11:10,1521,WORKING
531,Harley Tradewell,Bigender,356-528-0562,433 Basil Park,2020-10-28 18:33:40,1903,WORKING
532,Koral Simanenko,Male,123-745-3317,03202 High Crossing Plaza,2021-03-12 17:19:50,1616,BLACKLIST
533,Carla Russen,Polygender,895-228-3566,8419 Redwing Center,2021-02-02 08:11:15,1333,BLACKLIST
534,Kaela Portigall,Non-binary,292-785-9552,88 Artisan Point,2021-02-04 03:16:01,1295,WORKING
535,Antony Priditt,Male,353-525-1195,74439 Hooker Center,2021-06-23 00:11:01,1541,WORKING
536,Patricia Tunmore,Female,272-617-8812,9 Morning Alley,2021-07-22 05:57:54,1631,BLACKLIST
537,Carmella Jelley,Female,308-108-4757,56489 Monica Drive,2021-08-29 04:25:23,1326,BLACKLIST
538,Judas Spoerl,Male,655-324-7340,3526 Drewry Lane,2020-09-25 11:32:31,1157,WORKING
539,Nadiya Ierland,Non-binary,648-634-0949,964 Valley Edge Point,2021-04-04 22:49:24,1911,BLACKLIST
540,Broderic Bresnahan,Male,560-662-4778,4 Warner Center,2021-06-24 01:45:45,1998,WORKING
541,Zaneta Stinton,Genderfluid,172-674-2726,143 Lyons Pass,2020-09-20 02:22:34,1482,BLACKLIST
542,Leeanne Giriardelli,Female,775-464-7581,59 Melby Alley,2021-03-21 13:10:18,1227,WORKING
543,Jerry Cortin,Non-binary,285-254-8883,0283 John Wall Alley,2021-07-17 08:53:47,1428,WORKING
544,Kyla Rebillard,Male,712-584-0656,681 Novick Way,2021-08-12 13:28:56,1072,RESIGNING
545,Valdemar Newland,Female,435-658-0655,45 Summerview Road,2020-11-16 14:48:17,1723,WORKING
546,Cherida Williscroft,Polygender,223-320-1180,0 Clyde Gallagher Circle,2021-02-13 19:40:49,1712,BLACKLIST
547,Tabb Kohrs,Genderqueer,644-254-7370,0436 Cody Place,2021-06-17 21:04:00,1257,RESIGNING
548,Shaina Rickword,Agender,848-933-9520,55598 Veith Street,2020-10-24 16:40:11,1427,RESIGNING
549,Erie Simanek,Agender,363-853-1596,7023 Main Place,2020-10-14 19:02:36,1437,BLACKLIST
550,Far Durn,Genderfluid,741-102-2778,97 Novick Plaza,2021-01-03 15:33:50,1839,RESIGNING
551,Luelle Finnan,Genderqueer,213-792-1828,597 Goodland Crossing,2021-07-06 12:40:12,1978,WORKING
552,Mathe Chiles,Agender,491-179-5625,0432 Mallory Crossing,2021-02-22 11:04:02,1815,WORKING
553,Lorettalorna Silverthorn,Female,374-872-8314,64720 Rusk Road,2020-10-13 04:05:38,1849,WORKING
554,Noll Luxford,Genderfluid,191-424-4676,34457 Buell Parkway,2020-10-03 06:34:44,1307,WORKING
555,Tobey Pietroni,Genderfluid,590-784-6929,7 Farmco Plaza,2021-07-21 15:51:35,1966,RESIGNING
556,Mychal Leahey,Genderfluid,605-689-7206,87314 Packers Center,2021-06-03 06:54:20,1540,BLACKLIST
557,Abdel Allitt,Non-binary,305-317-8918,17704 Clemons Terrace,2020-09-20 07:22:38,1772,WORKING
558,Christiana Gravestone,Genderfluid,354-605-2402,65449 Arkansas Park,2021-07-18 14:31:03,1905,RESIGNING
559,Jeff Fishbourn,Non-binary,581-895-7459,14 Maryland Lane,2021-05-25 02:36:34,1792,WORKING
560,Rebe Scoular,Genderfluid,947-408-6192,982 Merrick Trail,2021-03-19 16:37:13,1557,BLACKLIST
561,Stearn McClaren,Non-binary,150-645-7502,6431 Clove Hill,2021-01-08 08:00:17,1101,BLACKLIST
562,Wynn Aldin,Polygender,202-871-6734,366 Lakewood Court,2021-04-14 06:38:02,1896,BLACKLIST
563,Gill Row,Polygender,474-352-9557,4 Lakewood Gardens Point,2021-01-11 02:30:05,1955,WORKING
564,Addy Monni,Male,928-210-1027,6580 Summerview Road,2021-06-01 16:18:48,1700,BLACKLIST
565,Danyelle Godar,Genderqueer,417-315-1228,5 Chive Drive,2020-12-23 22:54:13,1334,RESIGNING
566,Nealson Helleker,Bigender,252-892-4944,12672 Jenna Street,2020-11-14 03:04:06,1320,BLACKLIST
567,Larisa Clemente,Agender,125-119-7876,9 Division Trail,2020-12-25 02:29:54,1574,BLACKLIST
568,Katie Quincey,Polygender,756-960-8026,60 Harbort Circle,2021-06-30 16:25:05,1467,BLACKLIST
569,Bertrando Gabala,Male,539-469-7539,141 Hermina Circle,2021-03-27 21:09:00,1840,BLACKLIST
570,Maren Yglesias,Female,936-736-1165,116 Bluestem Junction,2020-10-09 07:47:58,1234,BLACKLIST
571,Carlie Crocumbe,Bigender,180-860-6594,0 Green Alley,2020-09-25 21:44:55,1822,BLACKLIST
572,Barbe Koche,Non-binary,390-291-6589,457 4th Street,2021-07-03 11:59:16,1091,BLACKLIST
573,Ax Joddins,Polygender,332-700-5297,999 5th Point,2021-07-05 21:24:43,1373,WORKING
574,Marc Shaves,Polygender,615-487-0043,222 Lunder Plaza,2021-01-28 21:37:10,1659,RESIGNING
575,Mendie Columbine,Genderfluid,554-765-4801,67084 Oriole Way,2021-07-23 04:42:06,1107,WORKING
576,Farrell Courtin,Genderqueer,787-574-9577,3015 Lakeland Drive,2021-08-23 14:36:48,1689,WORKING
577,Erika Crayton,Female,592-348-7109,64575 Mesta Court,2020-09-14 03:15:15,1371,WORKING
578,Sabra Emney,Non-binary,945-920-1255,4645 Transport Street,2020-12-12 20:20:08,1000,RESIGNING
579,Elaina Skingley,Agender,374-862-6186,6071 Randy Hill,2021-02-08 06:24:41,1156,RESIGNING
580,Doyle Pohling,Polygender,287-352-0717,510 Prentice Trail,2021-01-28 08:51:30,1010,BLACKLIST
581,Rozanna Snellman,Agender,176-550-5359,5 Meadow Vale Place,2021-07-16 06:43:12,1976,WORKING
582,Farica Abrahamsohn,Female,904-841-4582,3671 Derek Point,2021-03-07 14:15:17,1549,WORKING
583,Iorgo Allcott,Agender,185-304-4762,66177 Russell Alley,2021-08-07 21:26:50,1920,RESIGNING
584,Griffy Espino,Genderqueer,776-329-7607,061 Holy Cross Court,2020-09-12 23:13:09,1271,RESIGNING
585,Marin Siccombe,Polygender,443-311-4843,56 6th Court,2021-06-27 02:31:21,1947,WORKING
586,Codee Mattke,Bigender,470-245-2526,459 Boyd Park,2021-05-25 04:14:55,1599,RESIGNING
587,Inglebert Proswell,Genderfluid,213-859-8761,05 Linden Street,2020-10-18 18:13:43,1858,RESIGNING
588,Duncan MacEntee,Non-binary,631-432-1003,677 Sachs Center,2021-03-28 17:55:15,1425,RESIGNING
589,Lawrence Thirsk,Female,185-223-9851,42 Hudson Hill,2021-09-03 18:19:21,1851,RESIGNING
590,Loria Lloyd,Female,526-927-7502,317 Eliot Pass,2021-05-20 09:32:54,1795,WORKING
591,Junia Pietesch,Genderqueer,527-973-7234,33 Hollow Ridge Crossing,2020-10-21 10:57:31,1199,BLACKLIST
592,Holly Appleford,Male,758-692-8229,254 Fieldstone Court,2021-02-25 23:14:25,1564,RESIGNING
593,Jabez Balthasar,Female,235-404-4473,909 Jenna Trail,2020-11-07 09:37:51,1051,RESIGNING
594,Meris Valero,Non-binary,425-890-3224,67 Maywood Crossing,2021-02-14 11:47:11,1128,BLACKLIST
595,Lenard Scroggie,Polygender,486-243-0398,19 Caliangt Crossing,2020-09-10 11:45:20,1336,BLACKLIST
596,Gustie Leppard,Agender,655-287-0105,86 Old Shore Junction,2020-09-05 06:44:04,1373,WORKING
597,Josee Lerway,Polygender,925-919-1654,08 Reindahl Avenue,2020-09-13 10:02:56,1708,WORKING
598,Irvine Triner,Agender,102-629-1938,98 Bay Park,2020-10-08 21:59:21,1055,WORKING
599,Irina Humfrey,Genderfluid,807-830-7667,42825 Coolidge Avenue,2020-10-20 08:27:00,1288,BLACKLIST
600,Desmond Ventham,Non-binary,941-288-0401,47 Kipling Center,2021-05-06 09:24:17,1860,RESIGNING
601,Gaynor Hurche,Male,633-522-4188,638 Mccormick Court,2021-07-14 02:07:22,1986,BLACKLIST
602,Alicea Donizeau,Bigender,413-167-0645,7 Westport Parkway,2021-05-29 01:38:30,1068,WORKING
603,Avigdor Suatt,Agender,483-628-9266,2 Mendota Avenue,2020-11-07 16:57:34,1625,WORKING
604,Louella Puddephatt,Female,985-394-2018,963 Westport Court,2020-11-27 17:15:55,1484,BLACKLIST
605,Averill Paolino,Male,982-736-8630,69772 Bashford Lane,2020-11-07 01:10:25,1914,RESIGNING
606,Jeth Van de Vlies,Agender,741-572-5050,85302 Bayside Park,2020-10-07 05:55:50,1992,WORKING
607,Fredric Lytle,Female,546-855-4590,88 Bay Drive,2021-02-14 21:44:02,1527,WORKING
608,Pandora Tour,Non-binary,801-198-8841,1 Crowley Center,2020-12-10 22:58:04,1305,RESIGNING
609,Lacie Firpi,Female,741-308-2970,1 Sherman Street,2021-06-18 18:49:17,1871,BLACKLIST
610,Jeanne Wernham,Polygender,599-985-2172,58 Ohio Center,2021-02-09 08:31:11,1700,RESIGNING
611,Kendrick Gracey,Genderfluid,570-244-1745,9893 Sommers Center,2021-06-09 18:19:26,1646,RESIGNING
612,Georg Shoebotham,Female,130-546-6253,623 American Ash Road,2021-08-20 05:44:19,1052,RESIGNING
613,Franciska Andreopolos,Agender,428-833-3442,50418 Coleman Place,2021-07-08 20:07:01,1335,RESIGNING
614,Dinny Houlahan,Non-binary,320-947-4230,291 Thompson Street,2021-09-02 12:44:41,1943,WORKING
615,Paxon Janjusevic,Genderfluid,550-227-3716,9 Hagan Parkway,2020-10-12 10:04:35,1295,WORKING
616,Weston Millam,Non-binary,525-194-0443,80018 Marquette Way,2021-02-21 07:37:24,1057,RESIGNING
617,Forrester Faers,Polygender,193-337-0826,71274 Portage Pass,2021-02-25 21:24:50,1673,BLACKLIST
618,Taber Drummond,Genderqueer,949-585-7033,6906 Graedel Park,2020-10-31 01:50:26,1174,WORKING
619,Merell Clines,Bigender,194-842-1451,14 Surrey Point,2021-03-12 15:43:01,1629,RESIGNING
620,Bail Zeal,Genderfluid,448-588-8685,479 Katie Street,2021-03-10 02:21:31,1905,WORKING
621,Rosella Seifert,Female,441-365-9207,4 Melrose Road,2021-06-07 06:25:26,1861,WORKING
622,Dagny Davey,Agender,408-768-9602,29 Division Center,2021-08-20 21:03:48,1037,BLACKLIST
623,Viviene Ourry,Genderqueer,532-148-2567,45 8th Circle,2021-04-15 10:24:34,1545,BLACKLIST
624,Winifred Pucknell,Bigender,498-308-7695,3061 Elka Place,2020-10-12 06:06:34,1039,WORKING
625,Chandal Kleingrub,Male,483-201-4108,7431 Hollow Ridge Road,2021-08-19 16:44:33,1014,BLACKLIST
626,Aldus Fatkin,Bigender,552-891-3906,230 Hoffman Street,2021-04-14 05:40:48,1115,WORKING
627,Locke Fosdike,Polygender,585-129-9902,691 Brentwood Lane,2021-06-09 22:56:58,1967,BLACKLIST
628,Mag Huortic,Non-binary,482-904-8081,6005 Messerschmidt Avenue,2021-07-14 07:29:03,1773,BLACKLIST
629,Gav Dunthorn,Non-binary,703-254-7149,9016 Lillian Court,2020-09-28 19:33:39,1064,WORKING
630,Starla Loveredge,Female,103-369-6359,52376 Ludington Circle,2021-07-12 21:20:30,1331,WORKING
631,Elene Kelsall,Male,893-864-8341,05501 Mallard Circle,2021-02-23 22:04:48,1665,RESIGNING
632,Muhammad Eacle,Male,872-743-8981,1 Graedel Hill,2021-07-31 01:12:23,1809,BLACKLIST
633,Nisse Zmitrichenko,Female,322-732-5443,74 Cottonwood Way,2020-12-08 15:27:41,1768,RESIGNING
634,Ira Riguard,Female,967-958-5361,3923 Dayton Trail,2020-10-01 03:17:42,1311,BLACKLIST
635,Bobbi Brixey,Bigender,971-863-9501,8 American Court,2021-01-26 01:14:46,1979,WORKING
636,Brigitte Leather,Female,470-392-3219,276 Macpherson Lane,2021-08-25 07:04:54,1487,WORKING
637,Guillaume Hawkwood,Non-binary,432-522-3983,59 Lawn Junction,2021-05-23 09:13:53,1935,RESIGNING
638,Phyllida Leicester,Polygender,420-887-3101,56 Delaware Place,2021-07-24 15:37:50,1539,WORKING
639,Cleveland Porteous,Male,487-878-3946,5575 Blaine Junction,2020-11-30 02:08:27,1951,WORKING
640,Maryjane Lutty,Non-binary,505-735-8196,7644 Maryland Center,2021-07-18 02:40:53,1075,RESIGNING
641,Carlos Pitkins,Polygender,611-401-3085,020 3rd Circle,2020-11-15 13:24:03,1944,WORKING
642,Rickie Lippett,Female,371-317-7197,49 Bobwhite Avenue,2021-03-11 12:34:59,1561,RESIGNING
643,Coop Penniall,Male,582-208-2302,92983 Springview Drive,2020-10-08 00:29:40,1941,BLACKLIST
644,Wally McDyer,Polygender,451-169-8831,2 Myrtle Avenue,2021-01-24 17:59:17,1815,BLACKLIST
645,Brendon Gantley,Genderqueer,798-832-5335,68 Mccormick Lane,2021-08-12 20:00:28,1284,WORKING
646,Kizzie Simione,Genderfluid,904-975-5368,0248 Dunning Park,2021-05-09 13:32:37,1312,WORKING
647,Nicolle Payley,Genderqueer,191-572-4398,087 Gulseth Road,2020-12-04 01:55:40,1018,BLACKLIST
648,Pearce Gerty,Genderfluid,288-407-2402,8 Carberry Junction,2021-03-15 22:27:33,1475,WORKING
649,Merrily Keele,Genderqueer,890-306-8146,399 Mcguire Crossing,2021-04-04 14:42:12,1871,BLACKLIST
650,Amie Ielden,Genderqueer,735-500-6719,52 Spaight Place,2020-12-23 13:23:15,1725,RESIGNING
651,Nicol Enbury,Polygender,232-234-1562,1008 Carioca Center,2021-05-28 08:40:24,1326,WORKING
652,Dorris Margeram,Genderfluid,170-884-3377,65562 Scoville Terrace,2021-04-08 06:28:57,1413,RESIGNING
653,Elga Mothersdale,Agender,793-864-2168,3686 Columbus Junction,2021-04-11 16:17:37,1755,RESIGNING
654,Georgina Broek,Male,251-479-2376,036 Dennis Lane,2021-07-16 19:09:27,1205,WORKING
655,Wallis Cookson,Genderfluid,680-159-4435,975 Village Avenue,2021-02-27 09:35:42,1781,BLACKLIST
656,Berenice Shellsheere,Male,868-122-2101,33 Reindahl Trail,2021-01-28 18:09:16,1345,RESIGNING
657,Merrili Gillaspy,Non-binary,938-436-6810,8 Northland Way,2021-04-29 20:28:29,1373,BLACKLIST
658,Tammi Hastilow,Non-binary,824-471-0353,7249 Melby Center,2021-05-07 21:02:11,1055,WORKING
659,Fawnia Jehaes,Agender,847-976-4831,044 Paget Center,2020-11-23 03:56:04,1268,BLACKLIST
660,Dotty Peyzer,Non-binary,513-501-9789,1506 Bunting Crossing,2021-05-22 02:17:16,1583,RESIGNING
661,Candace Cainey,Genderqueer,331-466-6832,29236 Ramsey Street,2021-02-11 16:22:28,1477,BLACKLIST
662,Rhody Potten,Genderqueer,793-568-9355,8 Doe Crossing Court,2021-08-11 08:52:52,1492,BLACKLIST
663,Fabian Renon,Genderqueer,841-752-6967,316 Lukken Drive,2021-04-27 04:18:33,1612,WORKING
664,Verina Bramhall,Genderqueer,876-310-8701,5979 Spohn Terrace,2021-01-03 10:25:28,1087,BLACKLIST
665,Diego Skillanders,Non-binary,525-828-4985,805 Hooker Point,2021-06-13 02:13:38,1443,RESIGNING
666,Godiva Brisseau,Genderqueer,452-739-7266,30 Crownhardt Avenue,2021-05-24 15:16:06,1543,WORKING
667,Aimil Bell,Male,459-199-4145,3 Stoughton Alley,2021-06-22 17:55:04,1049,BLACKLIST
668,Marnia Petracchi,Female,252-790-0904,604 Eastlawn Alley,2020-11-03 19:08:19,1386,WORKING
669,Nancey Andreas,Genderfluid,581-714-3942,88384 Comanche Avenue,2021-01-06 00:01:02,1226,RESIGNING
670,Andriana Roscamp,Male,807-594-9114,22 Sullivan Junction,2020-09-19 15:36:19,1840,BLACKLIST
671,Devland Wetherick,Agender,942-727-1789,643 Raven Street,2020-12-25 18:45:46,1126,BLACKLIST
672,Devi D'Adda,Female,128-385-2244,15 Springs Street,2020-11-03 22:24:30,1442,WORKING
673,Ursola Dongles,Bigender,683-100-6387,0297 Northwestern Circle,2020-10-08 16:54:14,1134,BLACKLIST
674,Noe Burgise,Non-binary,106-271-8167,74815 Blackbird Street,2020-12-07 11:10:16,1250,BLACKLIST
675,Zolly Landon,Polygender,760-829-0783,545 Spohn Hill,2021-07-17 22:30:55,1750,BLACKLIST
676,Ky Stonebanks,Genderfluid,678-346-7358,8468 Lien Center,2021-06-01 17:20:23,1194,WORKING
677,Anallise Neller,Bigender,608-973-1963,1 Bowman Crossing,2021-03-18 18:23:08,1603,BLACKLIST
678,Maxie Langstone,Non-binary,128-290-0190,27 Comanche Hill,2020-10-18 22:55:25,1756,RESIGNING
679,Rana O'Hannay,Genderqueer,138-307-0657,307 Maywood Drive,2020-10-09 13:57:58,1785,WORKING
680,Chandler Lattka,Non-binary,470-870-8290,39 Declaration Court,2020-12-31 10:51:47,1584,RESIGNING
681,Klara Canti,Female,857-988-1942,63 Porter Way,2020-11-23 10:17:43,1733,RESIGNING
682,Gil Dragoe,Genderfluid,515-997-7033,94 Chinook Center,2021-02-24 03:27:03,1709,BLACKLIST
683,Devland Ballham,Genderqueer,634-850-0000,733 Hansons Avenue,2020-10-08 12:50:44,1082,RESIGNING
684,Erin L' Estrange,Male,330-241-6960,0 Florence Trail,2021-03-27 06:17:18,1099,BLACKLIST
685,Timothee McKendo,Polygender,924-977-1821,23938 Manley Lane,2021-02-24 00:49:52,1876,WORKING
686,Burlie Osgood,Agender,532-697-1389,49982 Lillian Circle,2021-06-27 22:44:25,1287,BLACKLIST
687,Clem D'Enrico,Genderfluid,197-120-2210,4304 Toban Place,2021-05-14 07:49:35,1449,WORKING
688,Mabel Jenson,Male,292-383-6944,9 Merry Way,2020-09-24 04:10:02,1601,RESIGNING
689,Cissiee Dulany,Genderqueer,620-139-4156,7 Eastwood Parkway,2021-03-20 03:01:31,1848,WORKING
690,Alvis Eveling,Female,210-786-1448,21 Lakeland Circle,2021-06-18 23:31:42,1536,WORKING
691,Benyamin Stanbra,Non-binary,784-550-8244,846 Artisan Way,2021-06-11 01:03:02,1495,BLACKLIST
692,Hildegarde Denkin,Male,121-512-2517,66772 Cambridge Court,2021-05-08 12:33:25,1946,BLACKLIST
693,Evvie Greatbach,Genderfluid,910-760-5472,4603 Dwight Road,2021-02-04 05:43:21,1330,WORKING
694,Nate Churches,Polygender,765-922-4655,6 Village Green Park,2021-03-16 21:32:15,1898,RESIGNING
695,Twyla Klimentyev,Polygender,149-188-3553,0 Reinke Point,2020-11-01 07:19:39,1035,BLACKLIST
696,Wiatt Sanson,Female,588-220-2095,156 Crest Line Hill,2020-10-28 09:34:26,1968,BLACKLIST
697,Tyson Greenan,Polygender,768-249-7817,54 Debs Place,2021-02-07 14:48:29,1469,RESIGNING
698,Caddric Ribou,Non-binary,146-292-2610,770 Quincy Park,2021-03-18 04:54:07,1793,WORKING
699,Mark Bilam,Non-binary,465-226-4277,9 North Pass,2021-08-21 00:07:46,1806,BLACKLIST
700,Duff Baddeley,Agender,441-300-6567,22 Del Mar Way,2020-09-16 00:40:58,1313,BLACKLIST
701,Carlye Ruslinge,Polygender,344-269-9981,103 Sauthoff Alley,2020-11-23 00:43:05,1806,WORKING
702,Darbee Hagergham,Non-binary,703-675-2233,8 Sage Terrace,2020-10-13 22:12:02,1354,RESIGNING
703,Vito Iban,Non-binary,705-957-8350,4943 Mariners Cove Parkway,2021-01-30 15:42:03,1517,RESIGNING
704,Ezekiel Gaughan,Polygender,948-533-9864,0316 Algoma Alley,2021-01-25 23:58:42,1952,BLACKLIST
705,Ramsey MacGowing,Male,142-908-5860,746 Declaration Center,2020-10-15 08:16:35,1549,WORKING
706,Annadiana Clohisey,Male,881-341-4496,6022 Morrow Point,2021-07-21 17:19:15,1253,BLACKLIST
707,Joelynn Richley,Bigender,945-354-7210,1850 Truax Hill,2021-04-09 04:17:46,1746,WORKING
708,Tripp O'Hern,Male,400-856-1348,7104 Messerschmidt Trail,2021-05-20 22:11:28,1320,BLACKLIST
709,Aeriel Erskin,Genderqueer,611-725-8110,31 Hovde Pass,2021-01-25 08:54:16,1732,RESIGNING
710,Emmaline Rangeley,Polygender,731-483-1726,9 Magdeline Street,2021-05-31 08:33:55,1168,BLACKLIST
711,Lorettalorna Street,Genderfluid,515-309-1507,7444 Marquette Alley,2021-06-03 19:35:39,1866,BLACKLIST
712,Cooper Matteucci,Genderqueer,691-514-0720,1 Doe Crossing Junction,2021-03-22 00:40:21,1140,WORKING
713,Johnnie McKune,Female,245-690-0557,9 Red Cloud Alley,2021-08-02 06:03:54,1820,WORKING
714,Ysabel Fraczek,Polygender,373-211-6312,098 Dayton Point,2021-02-20 21:15:32,1154,RESIGNING
715,Katherina Berrey,Female,316-501-4732,5 Cottonwood Trail,2021-01-16 16:58:32,1930,RESIGNING
716,Fredrick Fittes,Genderfluid,504-384-4522,2 Vahlen Alley,2021-02-03 08:46:54,1246,WORKING
717,Austine Tallman,Genderqueer,207-107-8781,36672 Bashford Crossing,2021-08-13 13:00:10,1610,BLACKLIST
718,Garik MacCoughan,Male,979-727-8009,3 Basil Circle,2021-07-04 23:18:48,1428,WORKING
719,Shelli Lineham,Male,519-503-9143,99477 Roth Park,2021-04-23 08:55:36,1298,BLACKLIST
720,Marysa Enns,Male,714-476-5787,2909 Golden Leaf Court,2020-10-11 04:29:37,1040,BLACKLIST
721,Burty Cotterell,Genderfluid,681-813-5310,4023 Iowa Avenue,2020-10-10 09:29:44,1009,WORKING
722,Clay Moncur,Genderqueer,259-960-1654,7348 David Center,2020-09-08 00:39:36,1405,RESIGNING
723,Garvin Polack,Genderfluid,473-547-0754,830 Warrior Terrace,2021-07-01 04:49:00,1625,RESIGNING
724,Inge Attride,Bigender,644-662-3218,2693 Logan Park,2020-09-12 14:43:42,1669,BLACKLIST
725,Nata Bennedsen,Agender,813-802-1322,60 Autumn Leaf Crossing,2020-11-14 15:03:22,1808,RESIGNING
726,Florian Shortt,Genderqueer,221-460-9615,1545 Troy Circle,2021-06-13 03:31:51,1668,WORKING
727,Netty Bruntje,Agender,465-483-8524,89360 Homewood Court,2021-05-14 12:03:59,1041,RESIGNING
728,Eward Jenne,Genderqueer,101-217-7520,87 Loftsgordon Center,2021-05-27 11:22:51,1968,WORKING
729,Piper Messent,Bigender,932-311-8612,8739 Cascade Terrace,2021-06-15 05:49:49,1760,RESIGNING
730,Fey Fishlock,Bigender,999-947-6180,6 Riverside Hill,2020-11-20 11:57:02,1961,RESIGNING
731,Francklin Hanlon,Agender,269-388-0385,45 Dahle Street,2021-04-10 01:08:54,1480,WORKING
732,Debbi Moyles,Bigender,547-437-8375,79 Gerald Point,2020-11-08 13:02:49,1717,RESIGNING
733,Nancee Pachmann,Bigender,801-973-8166,94 Warbler Place,2021-05-20 09:13:10,1045,WORKING
734,Wilie Schiersch,Bigender,431-611-8688,7 Blaine Center,2020-09-28 17:42:32,1071,RESIGNING
735,Monro O'Kelly,Female,513-824-8425,1 Meadow Ridge Hill,2021-08-28 09:47:31,1879,WORKING
736,Ingram Antonikov,Male,968-119-0388,8 Clemons Plaza,2021-02-15 06:52:30,1850,RESIGNING
737,Cleve Cormack,Male,269-346-3134,25090 Esch Point,2020-10-29 06:32:21,1685,WORKING
738,Rosemonde Keatch,Male,873-719-1441,78769 Grover Court,2021-07-18 10:32:45,1042,WORKING
739,Devina Ridesdale,Polygender,923-450-3701,6 Sugar Drive,2021-04-08 23:49:28,1411,BLACKLIST
740,Britte Muckleston,Female,805-503-7109,1 Warbler Center,2021-03-10 03:51:18,1090,RESIGNING
741,Fredra Fawbert,Male,117-436-4894,27 American Plaza,2021-07-23 06:12:11,1607,RESIGNING
742,Tiffie Bartolomieu,Non-binary,915-356-6367,845 Mayfield Park,2021-03-07 12:50:43,1774,WORKING
743,Misha Nursey,Non-binary,228-518-4116,9169 Hoffman Crossing,2021-06-17 04:27:33,1505,WORKING
744,Bronnie Blanden,Genderfluid,310-974-4481,969 6th Drive,2021-03-01 06:20:12,1282,WORKING
745,Durante Spoole,Genderqueer,464-408-0172,4542 Pepper Wood Park,2020-11-30 08:11:48,1024,WORKING
746,Rudie Schutte,Agender,943-469-6825,134 Continental Alley,2021-03-23 05:23:40,1150,RESIGNING
747,Reider Embling,Bigender,682-576-1600,123 Lotheville Lane,2021-04-05 14:07:56,1970,BLACKLIST
748,Sabina Kilbee,Non-binary,267-555-5896,273 Beilfuss Plaza,2021-01-12 01:38:08,1391,RESIGNING
749,Andria Pointin,Agender,115-655-0990,07 Mockingbird Road,2021-05-06 18:06:18,1610,RESIGNING
750,Sigrid Gibben,Genderqueer,169-588-6776,7 Hermina Pass,2020-12-17 03:31:47,1816,BLACKLIST
751,Helsa de Mullett,Polygender,871-558-9090,4845 Forster Road,2020-10-01 04:11:01,1834,WORKING
752,Sibylle Queen,Genderfluid,148-778-8946,93512 Moose Plaza,2020-11-14 14:53:03,1982,WORKING
753,Waverley Kettley,Female,337-707-5789,2952 Luster Point,2021-07-18 13:51:35,1669,WORKING
754,Kelsey Scandrett,Male,358-167-4480,24 Thompson Plaza,2021-08-05 09:45:41,1523,WORKING
755,Graig Traske,Polygender,277-172-4142,7114 Holmberg Circle,2021-02-16 07:36:41,1118,BLACKLIST
756,Ransom Rangeley,Non-binary,762-564-4472,682 Moulton Avenue,2020-10-29 22:43:06,1185,BLACKLIST
757,Kristoffer Esche,Agender,980-638-3819,9 Rockefeller Pass,2021-06-20 23:43:11,1243,WORKING
758,Brad Calafate,Female,842-801-0929,7 Norway Maple Plaza,2021-01-10 01:49:40,1418,RESIGNING
759,Farra Dabs,Polygender,265-474-0649,0 Monica Center,2020-11-16 20:35:16,1405,RESIGNING
760,Baldwin Stailey,Genderqueer,397-140-6113,5662 Nevada Hill,2021-03-26 10:41:54,1735,WORKING
761,Cheslie Giddons,Non-binary,508-971-0611,25 Pawling Alley,2020-10-23 04:37:48,1601,BLACKLIST
762,Robert Nell,Bigender,301-136-4910,5 Anniversary Lane,2021-08-21 09:46:31,1635,BLACKLIST
763,Pierson Winters,Genderqueer,388-269-4917,04343 Main Park,2021-09-04 04:48:06,1235,WORKING
764,Guglielmo Ambrogioli,Non-binary,874-707-4870,3141 Shelley Street,2021-07-11 14:10:14,1891,RESIGNING
765,Em Hadlee,Non-binary,883-600-0892,17237 Esker Road,2021-06-26 21:15:46,1180,BLACKLIST
766,Deane Chappell,Bigender,512-237-1506,42140 Drewry Court,2021-07-27 18:25:43,1929,BLACKLIST
767,Vasili Canedo,Female,430-987-9437,4375 Butterfield Terrace,2021-08-20 04:10:47,1344,WORKING
768,Marketa Duddell,Polygender,146-335-7447,7 Hermina Crossing,2021-05-04 09:29:40,1810,BLACKLIST
769,Josh Mussared,Non-binary,372-850-9215,75413 Crownhardt Point,2021-04-16 03:15:04,1500,WORKING
770,Jonell Kringe,Genderqueer,948-187-8155,748 Blaine Circle,2021-07-21 01:29:05,1265,BLACKLIST
771,Chaddy Pottage,Female,118-696-1120,3545 Hooker Terrace,2020-12-30 01:54:51,1189,RESIGNING
772,Raf McGuirk,Female,930-797-9653,65 Tennessee Park,2020-11-11 20:41:46,1533,BLACKLIST
773,Stormy Sanderson,Genderqueer,461-546-5400,064 Iowa Center,2021-07-25 13:10:28,1711,RESIGNING
774,Rosette McCloid,Female,287-524-5141,8002 Maryland Crossing,2021-07-11 11:20:51,1796,BLACKLIST
775,Tawsha Summerson,Male,601-382-7667,145 Shopko Plaza,2021-07-22 01:06:15,1166,BLACKLIST
776,Denys Niset,Genderqueer,716-534-4280,9 Parkside Hill,2021-06-11 15:05:21,1409,BLACKLIST
777,Elisha Issac,Female,709-959-4506,30678 Waxwing Avenue,2020-12-23 12:40:53,1596,BLACKLIST
778,Ilyssa Meineck,Female,977-175-3749,44 Derek Court,2021-01-03 05:27:27,1501,RESIGNING
779,Lilly Kensington,Non-binary,357-202-2373,873 Messerschmidt Crossing,2021-03-30 13:13:12,1962,WORKING
780,Cornell Bourke,Genderfluid,417-514-1111,4818 Parkside Park,2020-10-08 14:24:46,1938,RESIGNING
781,Sig Davidovsky,Genderqueer,792-903-8912,662 Kings Drive,2020-09-15 05:29:44,1138,RESIGNING
782,Amandi Marquez,Male,820-646-9210,6 Gulseth Circle,2020-11-01 09:37:19,1387,RESIGNING
783,Emilee McCritichie,Bigender,354-245-8241,57384 Sloan Junction,2020-12-22 03:34:29,1280,RESIGNING
784,Melantha Rousell,Polygender,815-979-7008,3337 Kedzie Drive,2021-06-01 02:39:40,1710,WORKING
785,Jermayne Fonteyne,Genderqueer,550-859-8480,38685 Kedzie Circle,2020-12-22 01:43:07,1274,RESIGNING
786,Ned Beaulieu,Genderqueer,878-421-4908,08682 Maple Wood Trail,2020-12-03 15:03:04,1976,BLACKLIST
787,Denice Ambrosio,Non-binary,862-755-0098,43510 Anderson Drive,2021-04-08 00:28:54,1469,WORKING
788,Kristofor Rakestraw,Female,259-506-8404,15224 5th Alley,2021-01-06 17:10:00,1966,BLACKLIST
789,Betsy Milliken,Male,820-767-0479,10841 Farmco Center,2021-07-19 23:37:56,1025,WORKING
790,Clarine Collet,Male,474-231-7140,1178 Dakota Crossing,2020-10-18 20:47:28,1175,BLACKLIST
791,Diannne Ritchley,Agender,710-568-2079,66637 Prairie Rose Circle,2021-06-27 13:53:19,1904,BLACKLIST
792,Leola Shallo,Genderfluid,970-161-2459,9256 Ohio Trail,2020-12-28 22:22:55,1430,BLACKLIST
793,Milzie Stayte,Polygender,506-396-5776,84084 Del Sol Court,2021-07-04 10:54:41,1351,BLACKLIST
794,Francyne Banane,Bigender,251-296-2658,340 Gale Way,2021-04-14 20:10:06,1283,BLACKLIST
795,Chick Caslett,Bigender,324-411-5201,18014 Garrison Trail,2021-02-28 22:02:55,1999,RESIGNING
796,Ichabod Leech,Bigender,845-258-7781,0 Walton Avenue,2021-03-04 16:44:29,1567,RESIGNING
797,Sada Vaud,Bigender,689-215-9820,72 Briar Crest Center,2021-08-03 14:33:54,1125,BLACKLIST
798,Cassandry Attenborough,Polygender,946-820-0947,83723 Carberry Avenue,2021-08-18 18:28:38,1003,BLACKLIST
799,Honoria Canton,Male,705-828-8054,090 Westridge Way,2020-09-15 10:13:09,1388,RESIGNING
800,Neda Iwanowski,Genderfluid,196-328-5277,28267 Oakridge Place,2021-05-23 18:22:00,1058,WORKING
801,Ailee Gotcher,Genderqueer,703-289-0844,6851 Luster Trail,2020-09-08 00:53:40,1277,BLACKLIST
802,Diego Drillingcourt,Agender,215-234-5173,5 High Crossing Hill,2020-10-17 07:40:29,1560,RESIGNING
803,Jarid Kinnen,Male,490-317-1511,7 Buena Vista Avenue,2020-12-23 21:55:15,1295,WORKING
804,Freeland Calveley,Agender,186-692-3416,03761 Barby Plaza,2021-06-02 15:53:48,1785,BLACKLIST
805,Nickolai Darrigrand,Genderqueer,203-448-0628,62 Meadow Valley Plaza,2021-06-01 15:37:25,1997,RESIGNING
806,Murray Dumbleton,Genderqueer,447-400-4654,8541 Center Street,2021-08-16 06:23:23,1476,BLACKLIST
807,Chiquita Macey,Bigender,713-104-6906,30862 Katie Plaza,2021-04-07 18:57:02,1803,BLACKLIST
808,Sherwynd Wethers,Genderfluid,289-301-5451,4 Scoville Way,2021-03-27 07:16:17,1782,WORKING
809,Carlynne Walmsley,Genderfluid,103-860-5900,6299 Esker Point,2021-04-15 18:41:34,1029,BLACKLIST
810,Cad Grain,Genderfluid,832-472-3107,480 Annamark Place,2021-04-15 12:50:32,1559,BLACKLIST
811,August Ablewhite,Non-binary,212-972-3621,174 Morrow Alley,2021-04-21 12:42:32,1916,RESIGNING
812,Thomasina Crosi,Genderqueer,755-123-3199,917 Bellgrove Hill,2020-11-07 18:54:55,1293,WORKING
813,Corrianne Tschursch,Female,623-437-4499,3 Continental Parkway,2020-11-16 01:27:50,1449,RESIGNING
814,Wat Ferber,Female,576-999-1531,58 Johnson Junction,2021-02-05 01:51:12,1890,BLACKLIST
815,Anestassia Renard,Genderqueer,728-310-4253,7080 Elka Pass,2020-12-15 05:51:27,1954,RESIGNING
816,Layla Rushford,Female,402-936-4877,5 Farwell Street,2021-03-08 09:38:01,1987,RESIGNING
817,Ezechiel Backshall,Genderfluid,827-429-0780,4 Wayridge Terrace,2021-01-26 13:18:36,1301,BLACKLIST
818,Glenna Tramel,Polygender,424-620-3433,82710 Hagan Lane,2020-09-13 10:34:10,1767,BLACKLIST
819,Edy Horsburgh,Genderqueer,337-880-3992,00 Pleasure Avenue,2021-05-22 06:49:28,1796,RESIGNING
820,Kelwin Varker,Genderqueer,202-446-2382,6 Di Loreto Hill,2021-07-13 10:57:21,1540,WORKING
821,Kahlil Huntar,Bigender,614-228-1923,98 Beilfuss Street,2021-04-14 02:44:15,1754,BLACKLIST
822,Cher Troyes,Polygender,799-980-7405,3076 Nova Crossing,2021-04-01 08:49:28,1435,RESIGNING
823,Ethel Andrusyak,Agender,632-519-7989,849 Merrick Alley,2021-01-14 10:44:43,1966,WORKING
824,Ardra Parsley,Polygender,855-834-4387,60 Brentwood Drive,2021-02-17 23:48:34,1510,BLACKLIST
825,Romy Arnald,Genderfluid,146-851-8895,984 Clove Road,2020-10-26 11:28:37,1283,BLACKLIST
826,Itch Casserley,Bigender,359-647-9510,787 Pepper Wood Terrace,2021-04-29 08:08:32,1327,RESIGNING
827,Rosamond Giamitti,Male,880-725-6305,00189 Bashford Alley,2021-08-12 22:52:21,1096,BLACKLIST
828,Silva Biss,Bigender,986-252-6070,74677 Mifflin Plaza,2021-06-03 14:42:55,1669,WORKING
829,Indira Houchen,Non-binary,162-133-0683,58369 Monument Place,2021-07-03 20:39:09,1245,WORKING
830,Thorndike Durrad,Male,979-537-2456,36 Sycamore Way,2021-03-21 01:22:49,1343,WORKING
831,Rina Lindenbaum,Bigender,896-657-7587,32567 Cardinal Circle,2021-03-16 08:54:32,1286,WORKING
832,Shannan Larkins,Genderfluid,662-203-6348,083 Gerald Lane,2021-05-17 18:24:55,1583,RESIGNING
833,Maren Amorine,Genderqueer,263-614-6480,684 Pleasure Pass,2021-06-23 17:11:17,1531,BLACKLIST
834,Peyton Housby,Bigender,921-755-3376,4094 Homewood Hill,2021-01-20 15:18:28,1052,BLACKLIST
835,Ally Clutheram,Polygender,989-950-9345,5749 Hoepker Court,2020-10-16 15:03:55,1102,WORKING
836,Sib Morin,Female,794-749-9910,54 Crowley Terrace,2021-03-15 11:06:02,1160,BLACKLIST
837,Wallache McCreery,Agender,950-629-1367,082 Merry Trail,2020-11-27 16:35:19,1266,BLACKLIST
838,Phillis Ritchley,Male,103-608-0395,5 Eliot Parkway,2021-07-08 21:07:57,1178,BLACKLIST
839,Bart Di Frisco,Polygender,133-796-8015,9 Birchwood Road,2020-12-08 05:17:06,1899,RESIGNING
840,Shelley Neeve,Agender,946-788-7264,388 Morningstar Way,2020-11-27 16:16:39,1211,WORKING
841,Sayre Yellep,Agender,116-394-6068,1 Brentwood Plaza,2020-11-24 17:17:25,1728,BLACKLIST
842,Esma Curgenven,Bigender,684-687-5104,171 Tony Parkway,2021-03-29 13:17:46,1145,WORKING
843,Yorgo Farron,Genderqueer,551-274-5481,187 Iowa Pass,2020-11-07 07:50:24,1956,BLACKLIST
844,Orsola Elizabeth,Genderqueer,362-909-9258,7 Kropf Court,2021-05-16 14:49:04,1736,BLACKLIST
845,Ariela McKew,Non-binary,687-621-4354,8749 Center Avenue,2021-03-30 13:07:11,1750,RESIGNING
846,Suellen Maharg,Female,717-262-7998,60 Beilfuss Crossing,2021-06-22 01:23:12,1046,WORKING
847,Tod Podmore,Polygender,117-989-1910,97 Debs Junction,2020-10-17 18:12:20,1977,RESIGNING
848,Wilhelmine Mansion,Female,719-923-2265,50 Waubesa Crossing,2021-02-13 12:54:00,1376,WORKING
849,Nita Sacher,Genderfluid,335-112-7885,9345 Anthes Avenue,2021-07-18 01:26:16,1571,WORKING
850,Jacquette Martinelli,Agender,426-374-5200,11 Arrowood Circle,2020-12-05 12:35:03,1201,WORKING
851,Phedra Standring,Male,312-804-2197,326 Carey Plaza,2020-11-20 12:34:03,1567,WORKING
852,Griffith Reddell,Bigender,431-152-9708,225 Sullivan Pass,2021-03-02 23:25:21,1122,BLACKLIST
853,Clo Windaybank,Non-binary,337-933-8004,811 Monument Avenue,2021-04-12 22:07:42,1269,WORKING
854,Diane-marie Caird,Genderqueer,997-809-5062,0800 Comanche Pass,2021-03-22 23:52:58,1473,WORKING
855,Donelle Jarley,Female,712-816-0310,64 Golf Street,2020-12-22 22:16:23,1979,WORKING
856,Rawley Edon,Female,420-687-0057,344 Eggendart Hill,2021-04-10 04:18:25,1540,RESIGNING
857,Romona Mouth,Non-binary,311-513-7314,7346 2nd Trail,2021-07-29 04:20:35,1902,RESIGNING
858,Ericha Dressel,Non-binary,667-391-7466,1230 Lyons Park,2020-12-28 14:36:53,1481,RESIGNING
859,Dante Danko,Agender,424-226-6953,07490 Trailsway Drive,2021-05-03 11:49:57,1713,BLACKLIST
860,Amos Geistmann,Bigender,736-795-1199,5 Service Street,2021-05-22 00:04:43,1847,BLACKLIST
861,Codie Filppetti,Agender,422-893-9919,9 Buell Trail,2021-05-03 02:16:21,1849,RESIGNING
862,Ferdinanda Brosenius,Polygender,526-753-2316,18 Fair Oaks Trail,2020-10-20 01:48:29,1774,RESIGNING
863,Marris Aucott,Agender,626-147-5625,32443 Laurel Center,2020-11-02 14:10:26,1529,RESIGNING
864,Brett Whithalgh,Bigender,416-291-8201,01 Sloan Parkway,2021-03-07 15:06:46,1463,BLACKLIST
865,Starlin Whatling,Female,103-614-8283,5882 Oriole Pass,2020-10-24 02:31:57,1079,WORKING
866,Audi Ismail,Female,636-306-0513,46252 Tennessee Court,2020-10-14 02:19:51,1148,WORKING
867,Timmi Kensington,Female,756-955-9841,5591 Golden Leaf Circle,2021-07-01 01:05:51,1994,WORKING
868,Jacky Collabine,Agender,267-684-2923,5764 Kim Place,2021-05-08 00:41:47,1221,WORKING
869,Kasper Damrel,Bigender,486-381-4294,138 Burrows Alley,2021-08-18 16:13:25,1365,WORKING
870,Stormie Fries,Genderqueer,643-797-9752,734 Marquette Road,2020-12-12 07:16:28,1858,WORKING
871,Zarla Muschette,Agender,913-159-5328,0311 Tennyson Trail,2020-12-31 17:16:48,1263,BLACKLIST
872,Dot Stanmore,Genderfluid,729-679-6045,88601 Emmet Alley,2021-08-25 00:28:18,1246,WORKING
873,Zondra Gillow,Agender,543-832-6414,649 Morningstar Park,2021-01-07 11:48:23,1069,RESIGNING
874,Luce Dearlove,Bigender,516-694-0407,9543 Heffernan Point,2021-06-16 12:20:07,1157,BLACKLIST
875,Bowie Exposito,Genderfluid,217-800-9843,111 Southridge Avenue,2021-01-16 14:38:37,1796,RESIGNING
876,Bidget Ghirigori,Agender,561-637-8744,3 Hoard Road,2020-11-30 10:53:35,1018,BLACKLIST
877,Dill Streather,Female,908-564-0944,2099 Moose Street,2020-09-06 21:21:48,1972,BLACKLIST
878,Kiersten Ollivierre,Genderqueer,740-143-1819,3893 Declaration Park,2021-07-07 05:01:24,1699,BLACKLIST
879,Desdemona Hellcat,Agender,497-607-3979,72196 Petterle Junction,2020-12-13 21:09:00,1021,BLACKLIST
880,Laura Winsiowiecki,Agender,643-418-5814,6405 Raven Crossing,2021-02-05 20:00:50,1116,BLACKLIST
881,Jillane Goghin,Bigender,918-801-4005,38 Dayton Place,2020-12-30 20:08:59,1233,WORKING
882,Ulrich Surmon,Agender,447-290-5678,84 Oriole Point,2021-02-07 06:56:21,1741,BLACKLIST
883,Keary Staddart,Non-binary,249-518-3340,8 Cottonwood Avenue,2021-03-24 18:15:17,1436,RESIGNING
884,Renaud Colrein,Bigender,533-731-3181,09 Tony Alley,2021-01-22 19:52:37,1584,WORKING
885,Peter McCosh,Polygender,903-561-3454,6 Jenifer Park,2021-06-03 03:46:30,1303,BLACKLIST
886,Glendon Brimham,Male,841-548-8576,21942 Corscot Point,2020-12-03 03:35:59,1353,RESIGNING
887,Aviva Hinks,Polygender,444-798-9984,84942 Pawling Crossing,2020-10-06 16:31:45,1390,WORKING
888,Merrel Lilley,Agender,695-842-8974,08947 Roxbury Parkway,2021-01-28 07:53:38,1196,RESIGNING
889,Frederica Eskrigg,Bigender,312-870-9662,252 Trailsway Circle,2021-05-09 22:54:41,1114,WORKING
890,Joshia Borrel,Female,350-606-4827,41 Kennedy Center,2020-12-08 21:16:21,1530,RESIGNING
891,Elga Spritt,Genderfluid,962-981-8179,980 Montana Street,2021-01-20 14:29:15,1743,BLACKLIST
892,Rachael Langhorne,Bigender,463-881-8913,776 Sullivan Point,2021-03-28 19:10:45,1475,RESIGNING
893,Daffi Ianson,Agender,876-397-4414,43 Almo Center,2021-01-10 14:08:35,1704,WORKING
894,Hinda Smittoune,Genderqueer,955-162-7792,01 Scoville Court,2020-10-15 09:57:54,1392,WORKING
895,Joellen Hacaud,Male,709-916-8161,5912 Birchwood Center,2021-06-26 07:59:05,1453,BLACKLIST
896,Ericha Filchakov,Female,629-311-6657,293 Fulton Hill,2021-09-01 15:03:16,1688,BLACKLIST
897,Tobey Janssen,Bigender,777-343-4388,44 Bayside Pass,2021-01-09 23:33:05,1151,WORKING
898,Ronnie Frapwell,Non-binary,949-369-2134,25 Melrose Avenue,2020-09-06 11:11:43,1190,BLACKLIST
899,Deedee Hamson,Polygender,323-510-5845,28 Kipling Avenue,2021-07-15 16:32:12,1851,BLACKLIST
900,Burnaby Biswell,Bigender,598-902-4699,3 Boyd Court,2021-02-19 06:12:14,1022,WORKING
901,Hilton Lacrouts,Polygender,860-132-9701,043 Johnson Street,2020-10-11 13:57:29,1455,RESIGNING
902,Aurora Dearan,Agender,585-306-7792,48 Rigney Avenue,2021-05-14 01:07:11,1681,BLACKLIST
903,Fonsie Reinbeck,Genderfluid,733-562-9922,3 Maple Wood Hill,2021-04-13 01:52:32,1902,WORKING
904,Berthe Hounsom,Non-binary,630-929-8664,93411 Birchwood Center,2021-05-21 09:07:28,1195,BLACKLIST
905,Rahel Earnshaw,Bigender,681-975-8299,43741 Merrick Court,2021-05-10 02:41:18,1155,BLACKLIST
906,Carolann Ponsford,Bigender,107-205-8204,7 Paget Court,2021-05-25 12:49:55,1375,WORKING
907,Bendicty Barritt,Bigender,654-181-8748,14455 Montana Junction,2020-11-23 23:23:42,1385,RESIGNING
908,Kev Harraway,Non-binary,762-875-2023,7 Macpherson Street,2021-04-14 17:31:07,1247,WORKING
909,Adelheid Marciskewski,Male,221-566-3526,6673 Messerschmidt Avenue,2021-04-20 01:08:26,1949,BLACKLIST
910,Linea Lorey,Male,370-588-0752,34895 Goodland Park,2021-08-24 02:55:54,1955,RESIGNING
911,Darwin Sugg,Female,761-811-4562,734 Roth Pass,2021-08-29 23:11:06,1992,WORKING
912,Delcine Shreeves,Non-binary,411-815-2810,48 Knutson Road,2021-07-29 07:51:40,1376,WORKING
913,Atlante Gasson,Bigender,285-271-1914,7234 Oxford Road,2020-11-16 19:51:11,1728,BLACKLIST
914,Greta Pau,Bigender,647-832-6276,486 Holy Cross Street,2021-05-24 05:11:19,1999,WORKING
915,Kalie Ong,Female,279-345-9551,52746 Old Shore Pass,2021-07-30 16:58:49,1786,WORKING
916,Joan Vigrass,Male,768-198-2411,0674 Ronald Regan Circle,2020-11-25 14:20:28,1247,RESIGNING
917,Will Mantripp,Bigender,930-893-3534,82666 Hooker Terrace,2021-01-27 14:13:01,1521,RESIGNING
918,Alessandra Ragat,Non-binary,505-564-2067,128 Fordem Trail,2021-01-31 05:18:14,1011,RESIGNING
919,Opalina McKearnen,Male,637-340-9569,0 Clemons Pass,2020-11-11 12:37:29,1086,RESIGNING
920,Todd Stanistrete,Female,169-455-1770,171 Fallview Hill,2021-02-14 21:51:04,1623,RESIGNING
921,Elyn Astill,Genderfluid,998-568-5939,404 Clemons Drive,2021-07-29 09:19:47,1259,BLACKLIST
922,Karine Fray,Agender,656-413-8477,397 Starling Circle,2021-04-24 05:52:01,1379,BLACKLIST
923,Ilysa Moggie,Male,646-103-0318,16 Gina Center,2021-02-19 19:46:14,1283,RESIGNING
924,Edi Boom,Genderqueer,771-700-1059,1199 Brown Hill,2021-05-16 23:22:08,1122,WORKING
925,Carlene Hamal,Agender,137-164-3782,097 Luster Hill,2021-07-03 12:29:03,1404,RESIGNING
926,Avigdor Surmeyers,Agender,262-916-8418,29 Browning Street,2020-11-15 23:09:14,1059,WORKING
927,Jacquette Treffry,Agender,341-192-5201,10 Dwight Alley,2021-05-03 13:37:58,1776,BLACKLIST
928,Georgena McCosker,Agender,926-353-0796,13 Lotheville Road,2021-03-05 06:57:36,1796,RESIGNING
929,Vyky Fayre,Female,501-904-2877,7 Crest Line Circle,2021-06-18 12:58:34,1106,RESIGNING
930,Ruthanne Rowantree,Male,485-730-4387,94326 Brickson Park Alley,2021-04-24 17:01:14,1836,WORKING
931,Devonna Braden,Genderfluid,329-741-5789,279 Spaight Circle,2021-01-12 16:14:59,1986,BLACKLIST
932,Jule Carp,Non-binary,869-539-0508,79277 Huxley Trail,2020-12-12 22:45:07,1098,BLACKLIST
933,Tobias Evison,Polygender,425-965-4554,74 Nelson Park,2020-10-18 09:03:31,1921,WORKING
934,Rania McCaughren,Non-binary,243-171-6842,1097 Butterfield Terrace,2020-11-13 16:17:34,1067,BLACKLIST
935,Darcy Schneidar,Polygender,490-197-8997,1205 Marcy Drive,2020-11-16 10:11:35,1919,WORKING
936,Bail Bennion,Polygender,393-813-6870,6 Stone Corner Avenue,2021-04-23 19:51:50,1372,BLACKLIST
937,Megan Barras,Male,656-718-8140,351 1st Alley,2021-05-24 12:34:23,1403,BLACKLIST
938,Michel Pitt,Bigender,594-298-4041,58 Merchant Junction,2021-04-17 17:47:58,1387,WORKING
939,West Paris,Female,675-244-6013,37 Truax Parkway,2021-04-19 14:49:11,1929,BLACKLIST
940,Derril Barth,Genderfluid,923-282-2835,717 Springs Street,2020-11-22 00:59:17,1761,WORKING
941,Gabriellia Paty,Bigender,791-502-5193,1 Buell Point,2021-02-23 01:57:27,1150,RESIGNING
942,Esme Tarbath,Female,872-361-6540,7 Oak Hill,2021-03-24 05:05:26,1562,WORKING
943,Pancho Chattelaine,Non-binary,427-617-9829,942 6th Parkway,2021-01-14 23:29:57,1435,RESIGNING
944,Franni Nekrews,Genderqueer,744-820-6871,75 Daystar Pass,2021-05-26 03:21:00,1801,BLACKLIST
945,Quintin Beaford,Genderqueer,196-302-8417,86000 Clarendon Junction,2020-11-28 14:17:14,1772,BLACKLIST
946,Gilly Smail,Genderfluid,642-485-9845,5303 1st Park,2020-10-27 12:44:09,1800,WORKING
947,Edin Kobu,Male,402-968-3447,28619 Corben Point,2021-08-02 03:58:00,1723,WORKING
948,Keri Strewther,Male,303-542-9038,5 Pleasure Crossing,2020-09-17 21:44:41,1493,BLACKLIST
949,Alexandr Davidde,Female,774-716-2846,16437 Petterle Circle,2021-03-20 10:54:19,1885,RESIGNING
950,Perri Medwell,Non-binary,762-872-3707,1 Texas Alley,2021-01-27 08:20:02,1412,BLACKLIST
951,Blake Whyborn,Bigender,849-585-9949,338 Thompson Center,2020-10-14 09:33:34,1129,BLACKLIST
952,Dinah Tomsett,Male,671-583-2501,04 Brown Alley,2021-05-22 02:34:34,1659,WORKING
953,Suzy Carnegy,Agender,811-281-0543,752 Fordem Way,2021-03-30 14:58:09,1516,RESIGNING
954,Rikki Baggarley,Non-binary,136-151-2530,80 Manitowish Drive,2021-04-28 00:23:12,1174,BLACKLIST
955,Karna Donnelly,Polygender,898-107-8817,38 Holmberg Trail,2021-01-30 11:12:55,1484,RESIGNING
956,Berky Battany,Polygender,793-671-0277,77410 Bowman Circle,2021-04-05 12:33:58,1519,WORKING
957,Mano Wanklin,Polygender,181-367-4279,0 Melody Center,2020-09-10 07:36:54,1488,BLACKLIST
958,Lev Beart,Non-binary,630-753-2677,44 Mockingbird Park,2021-04-17 02:13:27,1748,RESIGNING
959,Tiertza Pownall,Polygender,946-881-6704,1400 Schurz Pass,2020-10-31 01:29:21,1868,BLACKLIST
960,Normy Ketteringham,Non-binary,562-723-5562,580 Towne Road,2021-03-12 02:52:24,1662,BLACKLIST
961,Kain Lippo,Bigender,850-353-4093,0 Lakewood Gardens Circle,2021-08-31 09:36:50,1730,BLACKLIST
962,Elias Loding,Male,923-752-0123,382 Homewood Alley,2021-06-20 06:15:51,1813,WORKING
963,Dionis Francillo,Female,477-628-2467,3659 Oriole Park,2020-12-14 20:20:48,1672,RESIGNING
964,Catha Crolla,Genderqueer,646-343-8231,607 Myrtle Street,2020-10-23 08:03:49,1064,RESIGNING
965,Roanne MacDaid,Male,297-514-9203,37049 Blue Bill Park Alley,2021-04-29 03:33:56,1272,RESIGNING
966,Brenden Ferriday,Non-binary,646-887-3338,2476 Westend Drive,2021-07-20 06:52:52,1551,RESIGNING
967,Dione Scoyne,Non-binary,786-477-6687,2 Memorial Alley,2021-08-10 21:08:34,1575,BLACKLIST
968,Grange Wheowall,Male,200-637-5148,78 Hollow Ridge Parkway,2020-11-08 22:02:23,1650,WORKING
969,Sylas Duchan,Polygender,259-180-6802,09 Havey Center,2021-08-13 22:02:43,1447,WORKING
970,Keely Zorn,Polygender,899-128-7985,6287 Vernon Place,2021-05-29 12:58:56,1012,RESIGNING
971,Reinold Jahndel,Genderfluid,332-398-0557,73491 Becker Terrace,2021-02-11 20:24:00,1479,RESIGNING
972,Coleen Batting,Non-binary,495-409-9570,72707 Northport Park,2020-10-14 10:29:45,1427,BLACKLIST
973,Leigha Danneil,Female,652-789-1675,03971 Hallows Drive,2021-05-06 08:09:56,1041,WORKING
974,Donnie Haxley,Male,867-451-2338,63016 Glendale Road,2021-06-05 02:04:00,1414,RESIGNING
975,Noelyn Pouck,Bigender,892-632-5784,1904 Lindbergh Drive,2020-12-22 16:28:38,1397,WORKING
976,Paige Pinock,Female,238-733-8254,29 Sundown Plaza,2021-01-01 05:57:16,1801,BLACKLIST
977,Rufus Chopin,Agender,506-963-6206,99 Alpine Way,2021-06-29 21:07:50,1672,WORKING
978,Aida Licas,Female,448-492-1661,4455 Anthes Point,2021-02-27 10:09:21,1756,BLACKLIST
979,Nichol Liddyard,Male,372-148-6329,264 Elmside Way,2021-02-10 03:16:34,1232,RESIGNING
980,Vikki Lathey,Polygender,130-602-4729,00544 Helena Circle,2020-09-28 20:54:12,1999,BLACKLIST
981,Woody Chippin,Genderqueer,876-517-1452,0486 Farragut Park,2020-12-02 23:15:50,1489,RESIGNING
982,Anne-marie Bruins,Polygender,393-278-7251,27191 Mitchell Terrace,2020-10-29 23:53:50,1943,WORKING
983,Nikoletta Gold,Male,132-572-9080,45 Darwin Place,2021-07-15 01:22:56,1703,RESIGNING
984,Salvatore Goburn,Bigender,549-983-8067,850 Union Place,2020-12-29 12:33:18,1827,RESIGNING
985,Simmonds Fahey,Agender,525-769-1995,5 Welch Court,2021-03-12 04:55:27,1994,BLACKLIST
986,Loreen Francesconi,Polygender,542-641-5976,255 Kipling Road,2021-08-24 10:19:37,1069,RESIGNING
987,Andi Carnson,Genderfluid,162-288-2402,3969 Menomonie Plaza,2021-03-01 03:42:02,1128,RESIGNING
988,Dalt Starking,Agender,880-697-1737,50869 Sullivan Road,2021-04-10 09:18:25,1835,BLACKLIST
989,Brigg Cockton,Bigender,189-617-8328,6 Judy Point,2021-09-02 00:24:43,1454,WORKING
990,Sal Caudelier,Male,385-985-1213,94 Fremont Park,2021-02-13 04:56:52,1563,WORKING
991,Stevie Klammt,Genderqueer,721-700-3360,5622 Steensland Park,2021-03-23 01:45:11,1195,WORKING
992,Florance Stables,Genderqueer,391-361-1667,98 Ramsey Court,2020-10-06 01:52:56,1845,BLACKLIST
993,Abby McFarlan,Female,520-183-0969,71184 Cambridge Plaza,2020-11-02 11:55:18,1336,WORKING
994,Emmalynne Alessandrelli,Male,365-267-3010,475 Bowman Parkway,2021-05-18 10:54:07,1944,WORKING
995,Conrade Pulfer,Bigender,655-872-5054,4 Mendota Lane,2021-08-29 12:47:12,1945,BLACKLIST
996,Hillier Armistead,Bigender,192-242-5600,75082 Crescent Oaks Road,2021-01-08 17:37:07,1113,BLACKLIST
997,Peri Croose,Bigender,815-292-8938,2 Meadow Vale Parkway,2021-07-21 18:02:10,1554,BLACKLIST
998,Mirelle Goschalk,Agender,519-314-6116,23025 Del Mar Court,2021-05-31 08:48:28,1806,BLACKLIST
999,Kylie Rowth,Polygender,899-314-8143,9568 Mockingbird Point,2020-10-01 20:09:15,1753,BLACKLIST
1000,Saba Dunkley,Genderfluid,570-769-8472,684 Del Sol Parkway,2021-01-30 11:29:19,1087,WORKING
